Time,Conductivity (mS),Conductivity @25*C (mS),Temperature_1
14:11:58,0.00,0.00,24.50
14:11:59,0.00,0.00,24.25
14:12:00,0.00,0.00,24.25
14:12:01,0.00,0.00,24.50
14:12:02,0.00,0.00,24.50
14:12:03,0.00,0.00,24.50
14:12:04,0.00,0.00,24.50
14:12:05,0.00,0.00,24.25
14:12:06,0.00,0.00,24.00
14:12:07,0.00,0.00,24.25
14:12:08,0.00,0.00,24.50
14:12:09,0.00,0.00,24.50
14:12:10,0.00,0.00,24.25
14:12:11,0.00,0.00,23.75
14:12:12,0.00,0.00,24.50
14:12:13,0.00,0.00,24.25
14:12:14,0.00,0.00,24.75
14:12:15,0.00,0.00,24.00
14:12:16,0.00,0.00,24.25
14:12:17,0.00,0.00,24.50
14:12:18,0.00,0.00,24.50
14:12:19,0.00,0.00,24.00
14:12:20,0.00,0.00,24.50
14:12:21,0.00,0.00,24.50
14:12:22,0.00,0.00,24.00
14:12:23,0.00,0.00,24.75
14:12:24,0.00,0.00,24.25
14:12:25,0.00,0.00,24.50
14:12:26,0.00,0.00,24.75
14:12:27,0.00,0.00,24.50
14:12:28,0.00,0.00,24.50
14:12:29,0.00,0.00,24.50
14:12:30,0.00,0.00,24.25
14:12:30,0.00,0.00,24.75
14:12:31,0.00,0.00,24.75
14:12:32,0.00,0.00,24.00
14:12:33,0.00,0.00,24.75
14:12:34,0.00,0.00,25.00
14:12:35,0.00,0.00,24.50
14:12:36,0.00,0.00,24.50
14:12:37,0.00,0.00,24.50
14:12:38,0.00,0.00,24.25
14:12:39,0.00,0.00,24.25
14:12:40,0.00,0.00,24.75
14:12:41,0.00,0.00,24.25
14:12:42,0.00,0.00,23.75
14:12:43,0.00,0.00,24.50
14:12:44,0.00,0.00,24.75
14:12:45,0.00,0.00,24.25
14:12:46,0.00,0.00,24.50
14:12:47,0.00,0.00,24.75
14:12:48,0.00,0.00,24.50
14:12:49,0.00,0.00,24.75
14:12:50,0.00,0.00,24.50
14:12:51,0.00,0.00,24.75
14:12:52,0.00,0.00,24.50
14:12:53,0.00,0.00,24.50
14:12:54,0.00,0.00,24.50
14:12:55,0.00,0.00,24.25
14:12:56,0.00,0.00,25.00
14:12:57,0.00,0.00,24.75
14:12:58,0.00,0.00,24.75
14:12:59,0.00,0.00,24.75
14:13:00,0.00,0.00,24.50
14:13:01,0.00,0.00,24.50
14:13:02,0.00,0.00,24.50
14:13:03,0.00,0.00,24.50
14:13:04,0.00,0.00,24.50
14:13:05,24.27,24.39,24.75
14:13:06,120.10,122.43,24.00
14:13:07,120.80,121.38,24.75
14:13:08,142.50,142.50,25.00
14:13:09,137.70,139.02,24.50
14:13:10,145.20,147.30,24.25
14:13:11,144.40,145.78,24.50
14:13:12,154.70,156.18,24.50
14:13:13,165.70,167.29,24.50
14:13:13,176.10,177.79,24.50
14:13:14,189.80,191.62,24.50
14:13:15,199.60,200.55,24.75
14:13:16,209.80,213.86,24.00
14:13:17,219.50,220.55,24.75
14:13:18,231.80,232.91,24.75
14:13:19,240.10,241.25,24.75
14:13:20,253.90,256.34,24.50
14:13:21,258.00,263.00,24.00
14:13:22,269.60,270.89,24.75
14:13:23,277.20,279.86,24.50
14:13:24,285.80,287.16,24.75
14:13:25,291.00,292.39,24.75
14:13:26,302.20,303.64,24.75
14:13:27,312.50,311.02,25.25
14:13:28,315.30,316.80,24.75
14:13:29,324.10,325.65,24.75
14:13:30,327.00,328.56,24.75
14:13:31,334.70,339.54,24.25
14:13:32,341.90,345.18,24.50
14:13:33,351.80,353.48,24.75
14:13:34,360.00,365.20,24.25
14:13:35,363.90,367.39,24.50
14:13:36,364.70,364.70,25.00
14:13:37,368.80,370.56,24.75
14:13:38,379.00,384.48,24.25
14:13:39,385.30,389.00,24.50
14:13:40,386.60,392.19,24.25
14:13:41,393.20,395.08,24.75
14:13:42,401.70,405.55,24.50
14:13:43,406.20,406.20,25.00
14:13:44,414.40,414.40,25.00
14:13:45,415.90,417.88,24.75
14:13:46,426.20,430.29,24.50
14:13:47,430.60,432.66,24.75
14:13:48,433.10,433.10,25.00
14:13:49,440.20,444.42,24.50
14:13:50,440.60,442.70,24.75
14:13:51,450.30,450.30,25.00
14:13:52,454.80,456.97,24.75
14:13:53,458.70,465.33,24.25
14:13:54,463.70,465.91,24.75
14:13:55,469.70,474.20,24.50
14:13:56,475.40,475.40,25.00
14:13:56,456.50,458.68,24.75
14:13:57,465.60,465.60,25.00
14:13:58,475.90,478.17,24.75
14:13:59,470.60,472.85,24.75
14:14:00,496.90,499.27,24.75
14:14:01,499.40,504.19,24.50
14:14:02,486.20,488.52,24.75
14:14:03,482.20,484.50,24.75
14:14:04,502.50,507.32,24.50
14:14:05,515.50,515.50,25.00
14:14:06,525.00,527.51,24.75
14:14:07,526.90,526.90,25.00
14:14:08,524.60,532.18,24.25
14:14:09,520.70,520.70,25.00
14:14:10,539.50,539.50,25.00
14:14:11,543.50,548.71,24.50
14:14:12,545.20,545.20,25.00
14:14:13,550.20,552.83,24.75
14:14:14,553.20,553.20,25.00
14:14:15,555.60,558.25,24.75
14:14:16,563.70,563.70,25.00
14:14:17,568.10,568.10,25.00
14:14:18,570.70,570.70,25.00
14:14:19,564.30,566.99,24.75
14:14:20,564.30,564.30,25.00
14:14:21,561.40,564.08,24.75
14:14:22,580.40,580.40,25.00
14:14:23,585.90,588.70,24.75
14:14:24,588.40,588.40,25.00
14:14:25,592.80,592.80,25.00
14:14:26,593.00,593.00,25.00
14:14:27,597.90,600.75,24.75
14:14:28,602.30,602.30,25.00
14:14:29,605.80,605.80,25.00
14:14:30,609.50,606.62,25.25
14:14:31,589.40,589.40,25.00
14:14:32,589.00,591.81,24.75
14:14:33,595.80,595.80,25.00
14:14:34,597.30,603.03,24.50
14:14:35,601.40,604.27,24.75
14:14:36,601.40,598.56,25.25
14:14:37,607.50,613.33,24.50
14:14:38,607.40,610.30,24.75
14:14:39,614.10,617.03,24.75
14:14:39,613.10,616.03,24.75
14:14:40,620.70,623.66,24.75
14:14:41,622.20,622.20,25.00
14:14:42,624.80,627.78,24.75
14:14:43,626.80,629.79,24.75
14:14:44,629.20,629.20,25.00
14:14:45,633.00,630.01,25.25
14:14:46,633.10,633.10,25.00
14:14:47,638.50,650.87,24.00
14:14:48,639.70,639.70,25.00
14:14:49,644.00,647.07,24.75
14:14:50,646.40,643.34,25.25
14:14:51,649.90,656.13,24.50
14:14:52,651.40,648.32,25.25
14:14:53,653.50,653.50,25.00
14:14:54,657.00,657.00,25.00
14:14:55,659.40,659.40,25.00
14:14:56,663.40,669.76,24.50
14:14:57,664.00,670.37,24.50
14:14:58,665.40,668.58,24.75
14:14:59,670.60,670.60,25.00
14:15:00,673.20,673.20,25.00
14:15:01,674.20,674.20,25.00
14:15:02,677.50,677.50,25.00
14:15:03,680.90,680.90,25.00
14:15:04,683.70,683.70,25.00
14:15:05,687.80,691.08,24.75
14:15:06,688.00,684.75,25.25
14:15:07,690.60,693.90,24.75
14:15:08,696.20,696.20,25.00
14:15:09,702.90,713.06,24.25
14:15:10,698.10,698.10,25.00
14:15:11,709.00,705.65,25.25
14:15:12,732.40,732.40,25.00
14:15:13,735.80,732.32,25.25
14:15:14,739.20,742.73,24.75
14:15:15,740.90,733.93,25.50
14:15:16,744.10,744.10,25.00
14:15:17,744.40,737.39,25.50
14:15:18,748.10,741.06,25.50
14:15:19,748.70,745.16,25.25
14:15:20,751.90,748.35,25.25
14:15:21,752.20,748.64,25.25
14:15:22,754.50,750.93,25.25
14:15:23,759.00,759.00,25.00
14:15:23,759.60,752.45,25.50
14:15:24,766.40,766.40,25.00
14:15:25,765.70,765.70,25.00
14:15:26,768.50,764.87,25.25
14:15:27,768.00,760.77,25.50
14:15:28,771.20,763.94,25.50
14:15:29,773.20,762.34,25.75
14:15:30,778.30,770.98,25.50
14:15:31,781.50,774.15,25.50
14:15:32,781.00,781.00,25.00
14:15:33,781.90,774.54,25.50
14:15:34,786.40,786.40,25.00
14:15:35,787.80,784.08,25.25
14:15:36,789.60,789.60,25.00
14:15:37,794.20,786.73,25.50
14:15:38,795.20,791.44,25.25
14:15:39,797.80,790.29,25.50
14:15:40,799.50,788.27,25.75
14:15:41,800.70,793.16,25.50
14:15:42,802.80,791.52,25.75
14:15:43,807.00,799.41,25.50
14:15:44,810.40,806.57,25.25
14:15:45,810.50,810.50,25.00
14:15:46,810.00,798.62,25.75
14:15:47,814.10,814.10,25.00
14:15:48,816.80,812.94,25.25
14:15:49,818.80,811.09,25.50
14:15:50,819.90,812.18,25.50
14:15:51,822.70,822.70,25.00
14:15:52,822.90,815.16,25.50
14:15:53,826.10,818.33,25.50
14:15:54,828.70,828.70,25.00
14:15:55,830.60,818.93,25.75
14:15:56,831.80,823.97,25.50
14:15:57,834.70,822.97,25.75
14:15:58,836.60,824.85,25.75
14:15:59,838.90,823.26,26.00
14:16:00,841.60,833.68,25.50
14:16:01,842.10,830.27,25.75
14:16:02,845.00,837.05,25.50
14:16:03,846.90,835.00,25.75
14:16:04,848.70,840.71,25.50
14:16:05,849.70,837.76,25.75
14:16:06,853.20,837.29,26.00
14:16:07,855.20,847.15,25.50
14:16:07,856.60,844.56,25.75
14:16:08,857.10,853.05,25.25
14:16:09,859.20,851.11,25.50
14:16:10,862.40,854.28,25.50
14:16:11,863.00,850.88,25.75
14:16:12,866.20,850.05,26.00
14:16:13,869.60,861.42,25.50
14:16:14,871.70,863.50,25.50
14:16:15,872.70,868.57,25.25
14:16:16,874.30,866.07,25.50
14:16:17,873.80,865.58,25.50
14:16:18,877.00,868.75,25.50
14:16:19,876.70,868.45,25.50
14:16:20,883.20,879.02,25.25
14:16:21,881.60,873.30,25.50
14:16:22,884.20,875.88,25.50
14:16:23,886.50,878.16,25.50
14:16:24,888.90,884.70,25.25
14:16:25,889.60,881.23,25.50
14:16:26,890.40,886.19,25.25
14:16:27,894.40,881.83,25.75
14:16:28,895.10,890.87,25.25
14:16:29,895.50,882.92,25.75
14:16:30,898.70,894.45,25.25
14:16:31,900.70,896.44,25.25
14:16:32,902.10,889.43,25.75
14:16:33,902.10,889.43,25.75
14:16:34,889.50,872.91,26.00
14:16:35,904.20,891.50,25.75
14:16:36,888.40,875.92,25.75
14:16:37,873.00,868.87,25.25
14:16:38,872.20,863.99,25.50
14:16:39,873.70,869.57,25.25
14:16:40,874.00,865.78,25.50
14:16:41,875.30,867.06,25.50
14:16:42,877.70,869.44,25.50
14:16:43,882.70,878.53,25.25
14:16:44,881.30,877.13,25.25
14:16:45,881.10,872.81,25.50
14:16:46,884.90,872.47,25.75
14:16:47,883.50,871.09,25.75
14:16:48,886.40,878.06,25.50
14:16:49,884.90,872.47,25.75
14:16:50,911.40,898.60,25.75
14:16:50,889.30,880.93,25.50
14:16:51,889.70,881.33,25.50
14:16:52,891.50,878.97,25.75
14:16:53,894.70,886.28,25.50
14:16:54,892.70,880.16,25.75
14:16:55,894.70,894.70,25.00
14:16:56,898.80,894.55,25.25
14:16:57,901.20,896.94,25.25
14:16:58,906.30,893.57,25.75
14:16:59,907.70,894.95,25.75
14:17:00,907.80,895.05,25.75
14:17:01,910.50,897.71,25.75
14:17:02,910.90,902.33,25.50
14:17:03,913.70,905.10,25.50
14:17:04,913.30,896.27,26.00
14:17:05,915.90,903.03,25.75
14:17:06,916.20,903.33,25.75
14:17:07,919.90,911.24,25.50
14:17:08,917.50,904.61,25.75
14:17:09,921.20,912.53,25.50
14:17:10,922.90,918.54,25.25
14:17:11,922.00,909.05,25.75
14:17:12,926.00,917.29,25.50
14:17:13,924.80,911.81,25.75
14:17:14,927.40,918.67,25.50
14:17:15,928.70,907.16,26.25
14:17:16,931.80,918.71,25.75
14:17:17,932.30,919.20,25.75
14:17:18,935.70,922.55,25.75
14:17:19,956.70,938.86,26.00
14:17:20,975.20,957.02,26.00
14:17:21,949.50,940.56,25.50
14:17:22,955.30,941.88,25.75
14:17:23,966.60,948.58,26.00
14:17:24,963.80,945.83,26.00
14:17:25,980.50,962.22,26.00
14:17:26,982.10,968.30,25.75
14:17:27,982.80,968.99,25.75
14:17:28,982.90,964.57,26.00
14:17:29,983.00,973.75,25.50
14:17:30,985.50,976.23,25.50
14:17:31,987.50,969.09,26.00
14:17:32,986.60,968.20,26.00
14:17:33,991.40,977.47,25.75
14:17:34,989.00,975.10,25.75
14:17:34,988.10,969.68,26.00
14:17:35,993.30,974.78,26.00
14:17:36,993.40,984.05,25.50
14:17:37,996.50,977.92,26.00
14:17:38,993.80,984.45,25.50
14:17:39,996.00,977.43,26.00
14:17:40,998.90,980.27,26.00
14:17:41,999.70,985.65,25.75
14:17:42,998.50,984.47,25.75
14:17:43,995.70,977.13,26.00
14:17:44,1001.00,982.34,26.00
14:17:45,1003.00,984.30,26.00
14:17:46,1004.00,980.71,26.25
14:17:47,1002.00,983.32,26.00
14:17:48,1005.00,986.26,26.00
14:17:49,1006.00,982.66,26.25
14:17:50,1007.00,988.22,26.00
14:17:51,1006.00,996.53,25.50
14:17:52,1007.00,988.22,26.00
14:17:53,1008.00,989.21,26.00
14:17:54,1010.00,995.81,25.75
14:17:55,1011.00,992.15,26.00
14:17:56,1010.00,1000.50,25.50
14:17:57,1015.00,996.07,26.00
14:17:58,1012.00,988.52,26.25
14:17:59,1011.00,992.15,26.00
14:18:00,1016.00,997.06,26.00
14:18:01,1019.00,995.36,26.25
14:18:02,1019.00,1000.00,26.00
14:18:03,1016.00,992.43,26.25
14:18:04,1019.00,995.36,26.25
14:18:05,1020.00,1000.98,26.00
14:18:06,1072.00,1047.13,26.25
14:18:07,1141.00,1124.97,25.75
14:18:08,1145.00,1123.65,26.00
14:18:09,1145.00,1123.65,26.00
14:18:10,1147.00,1120.39,26.25
14:18:11,1147.00,1125.61,26.00
14:18:12,1150.00,1133.84,25.75
14:18:13,1150.00,1123.32,26.25
14:18:14,1155.00,1133.46,26.00
14:18:15,1152.00,1130.52,26.00
14:18:16,1158.00,1141.73,25.75
14:18:17,1155.00,1128.21,26.25
14:18:17,1157.00,1130.16,26.25
14:18:18,1156.00,1123.97,26.50
14:18:19,1161.00,1134.07,26.25
14:18:20,1160.00,1133.09,26.25
14:18:21,1147.00,1120.39,26.25
14:18:22,1163.00,1146.66,25.75
14:18:23,1166.00,1144.26,26.00
14:18:24,1164.00,1147.65,25.75
14:18:25,1167.00,1139.93,26.25
14:18:26,1168.00,1140.90,26.25
14:18:27,1167.00,1156.02,25.50
14:18:28,1171.00,1143.83,26.25
14:18:29,1170.00,1142.86,26.25
14:18:30,1173.00,1156.52,25.75
14:18:31,1176.00,1164.93,25.50
14:18:32,1176.00,1143.41,26.50
14:18:33,1174.00,1146.76,26.25
14:18:34,1176.00,1148.72,26.25
14:18:35,1179.00,1151.65,26.25
14:18:36,1181.00,1164.41,25.75
14:18:37,1178.00,1150.67,26.25
14:18:38,1182.00,1165.39,25.75
14:18:39,1183.00,1155.56,26.25
14:18:40,1184.00,1156.53,26.25
14:18:41,1182.00,1154.58,26.25
14:18:42,1184.00,1161.92,26.00
14:18:43,1170.00,1148.18,26.00
14:18:44,1093.00,1067.64,26.25
14:18:45,1187.00,1159.46,26.25
14:18:46,1188.00,1176.82,25.50
14:18:47,1190.00,1167.81,26.00
14:18:48,1190.00,1162.39,26.25
14:18:49,1192.00,1164.35,26.25
14:18:50,1193.00,1170.76,26.00
14:18:51,1195.00,1167.28,26.25
14:18:52,1198.00,1181.17,25.75
14:18:53,1197.00,1169.23,26.25
14:18:54,1197.00,1180.18,25.75
14:18:55,1201.00,1173.14,26.25
14:18:56,1198.00,1186.73,25.50
14:18:57,1199.00,1171.18,26.25
14:18:58,1201.00,1178.61,26.00
14:18:59,1201.00,1184.13,25.75
14:19:00,1201.00,1173.14,26.25
14:19:00,1203.00,1175.09,26.25
14:19:01,1204.00,1176.07,26.25
14:19:02,1208.00,1179.98,26.25
14:19:03,1207.00,1179.00,26.25
14:19:04,1207.00,1173.55,26.50
14:19:05,1206.00,1178.02,26.25
14:19:06,1210.00,1181.93,26.25
14:19:07,1211.00,1188.42,26.00
14:19:09,1209.00,1192.01,25.75
14:19:09,1210.00,1187.44,26.00
14:19:10,1213.00,1179.39,26.50
14:19:11,1213.00,1184.86,26.25
14:19:12,1212.00,1189.40,26.00
14:19:13,1214.00,1185.84,26.25
14:19:14,1215.00,1186.81,26.25
14:19:15,1217.00,1188.77,26.25
14:19:16,1218.00,1189.74,26.25
14:19:17,1215.00,1186.81,26.25
14:19:18,1216.00,1193.33,26.00
14:19:19,1219.00,1185.22,26.50
14:19:20,1218.00,1189.74,26.25
14:19:21,1219.00,1196.27,26.00
14:19:22,1221.00,1187.17,26.50
14:19:23,1221.00,1198.23,26.00
14:19:24,1223.00,1194.63,26.25
14:19:25,1225.00,1202.16,26.00
14:19:26,1225.00,1196.58,26.25
14:19:27,1228.00,1193.97,26.50
14:19:28,1224.00,1184.61,26.75
14:19:29,1226.00,1192.03,26.50
14:19:30,1226.00,1208.77,25.75
14:19:31,1227.00,1198.53,26.25
14:19:32,1229.00,1200.49,26.25
14:19:33,1227.00,1198.53,26.25
14:19:34,1229.00,1206.08,26.00
14:19:35,1232.00,1197.86,26.50
14:19:36,1233.00,1198.83,26.50
14:19:37,1231.00,1202.44,26.25
14:19:38,1233.00,1210.01,26.00
14:19:39,1232.00,1197.86,26.50
14:19:40,1234.00,1199.81,26.50
14:19:41,1231.00,1208.05,26.00
14:19:42,1233.00,1193.32,26.75
14:19:43,1235.00,1200.78,26.50
14:19:44,1237.00,1202.72,26.50
14:19:44,1235.00,1200.78,26.50
14:19:46,1237.00,1213.94,26.00
14:19:46,1240.00,1205.64,26.50
14:19:47,1241.00,1212.21,26.25
14:19:48,1240.00,1205.64,26.50
14:19:49,1242.00,1213.19,26.25
14:19:50,1241.00,1206.61,26.50
14:19:51,1240.00,1211.23,26.25
14:19:52,1242.00,1213.19,26.25
14:19:53,1244.00,1220.80,26.00
14:19:54,1245.00,1216.12,26.25
14:19:55,1246.00,1211.47,26.50
14:19:56,1242.00,1202.03,26.75
14:19:57,1243.00,1214.16,26.25
14:19:58,1246.00,1211.47,26.50
14:19:59,1245.00,1210.50,26.50
14:20:00,1245.00,1210.50,26.50
14:20:01,1240.00,1211.23,26.25
14:20:02,1245.00,1210.50,26.50
14:20:03,1248.00,1213.42,26.50
14:20:04,1245.00,1210.50,26.50
14:20:05,1249.00,1214.39,26.50
14:20:06,1250.00,1209.78,26.75
14:20:07,1250.00,1221.00,26.25
14:20:08,1252.00,1217.31,26.50
14:20:09,1252.00,1217.31,26.50
14:20:10,1251.00,1216.33,26.50
14:20:11,1251.00,1216.33,26.50
14:20:12,1250.00,1221.00,26.25
14:20:13,1254.00,1219.25,26.50
14:20:14,1254.00,1219.25,26.50
14:20:15,1254.00,1224.91,26.25
14:20:16,1253.00,1218.28,26.50
14:20:17,1253.00,1218.28,26.50
14:20:18,1256.00,1215.58,26.75
14:20:19,1257.00,1216.55,26.75
14:20:20,1255.00,1220.22,26.50
14:20:21,1258.00,1223.14,26.50
14:20:22,1256.00,1215.58,26.75
14:20:23,1258.00,1234.54,26.00
14:20:24,1255.00,1214.61,26.75
14:20:25,1259.00,1224.11,26.50
14:20:26,1261.00,1220.42,26.75
14:20:27,1260.00,1225.09,26.50
14:20:27,1260.00,1225.09,26.50
14:20:28,1260.00,1230.77,26.25
14:20:29,1259.00,1224.11,26.50
14:20:30,1259.00,1224.11,26.50
14:20:32,1260.00,1225.09,26.50
14:20:32,1262.00,1232.72,26.25
14:20:33,1260.00,1219.45,26.75
14:20:34,1260.00,1225.09,26.50
14:20:35,1262.00,1227.03,26.50
14:20:36,1260.00,1225.09,26.50
14:20:37,1261.00,1226.06,26.50
14:20:38,1262.00,1227.03,26.50
14:20:39,1263.00,1233.70,26.25
14:20:40,1262.00,1227.03,26.50
14:20:41,1261.00,1226.06,26.50
14:20:42,1261.00,1226.06,26.50
14:20:43,1263.00,1228.00,26.50
14:20:44,1264.00,1223.32,26.75
14:20:45,1264.00,1246.24,25.75
14:20:46,1263.00,1228.00,26.50
14:20:47,1263.00,1228.00,26.50
14:20:48,1264.00,1228.97,26.50
14:20:49,1268.00,1238.58,26.25
14:20:50,1266.00,1219.65,27.00
14:20:51,1267.00,1226.23,26.75
14:20:52,1261.00,1231.75,26.25
14:20:53,1270.00,1234.81,26.50
14:20:54,1267.00,1231.89,26.50
14:20:55,1268.00,1227.20,26.75
14:20:56,1265.00,1229.95,26.50
14:20:57,1268.00,1232.86,26.50
14:20:58,1269.00,1233.84,26.50
14:20:59,1270.00,1234.81,26.50
14:21:00,1270.00,1234.81,26.50
14:21:01,1272.00,1236.75,26.50
14:21:02,1270.00,1229.13,26.75
14:21:03,1271.00,1230.10,26.75
14:21:04,1246.00,1211.47,26.50
14:21:05,1259.00,1224.11,26.50
14:21:06,1264.00,1234.68,26.25
14:21:07,1268.00,1232.86,26.50
14:21:08,1270.00,1234.81,26.50
14:21:09,1267.00,1231.89,26.50
14:21:10,1270.00,1229.13,26.75
14:21:11,1272.00,1248.28,26.00
14:21:12,1268.00,1232.86,26.50
14:21:12,1269.00,1228.16,26.75
14:21:13,1270.00,1240.54,26.25
14:21:14,1271.00,1235.78,26.50
14:21:15,1269.00,1233.84,26.50
14:21:16,1272.00,1231.07,26.75
14:21:17,1271.00,1235.78,26.50
14:21:18,1268.00,1238.58,26.25
14:21:19,1270.00,1246.32,26.00
14:21:20,1271.00,1235.78,26.50
14:21:21,1273.00,1249.26,26.00
14:21:22,1271.00,1241.51,26.25
14:21:23,1273.00,1237.72,26.50
14:21:24,1220.00,1186.19,26.50
14:21:25,1276.00,1246.40,26.25
14:21:26,1276.00,1240.64,26.50
14:21:27,1266.00,1230.92,26.50
14:21:28,1280.00,1250.31,26.25
14:21:29,1279.00,1237.84,26.75
14:21:30,1280.00,1256.13,26.00
14:21:31,1282.00,1246.48,26.50
14:21:32,1279.00,1243.56,26.50
14:21:33,1282.00,1252.26,26.25
14:21:34,1280.00,1244.53,26.50
14:21:35,1282.00,1252.26,26.25
14:21:36,1281.00,1239.78,26.75
14:21:37,1279.00,1243.56,26.50
14:21:38,1282.00,1246.48,26.50
14:21:39,1281.00,1239.78,26.75
14:21:40,1282.00,1240.75,26.75
14:21:41,1280.00,1238.81,26.75
14:21:42,1281.00,1245.50,26.50
14:21:43,1283.00,1241.71,26.75
14:21:44,1284.00,1248.42,26.50
14:21:45,1282.00,1240.75,26.75
14:21:46,1279.00,1249.33,26.25
14:21:47,1282.00,1246.48,26.50
14:21:48,1284.00,1236.99,27.00
14:21:49,1283.00,1247.45,26.50
14:21:50,1282.00,1240.75,26.75
14:21:51,1283.00,1253.24,26.25
14:21:52,1284.00,1248.42,26.50
14:21:53,1280.00,1244.53,26.50
14:21:54,1279.00,1243.56,26.50
14:21:54,1284.00,1248.42,26.50
14:21:55,1284.00,1242.68,26.75
14:21:56,1281.00,1239.78,26.75
14:21:57,1281.00,1239.78,26.75
14:21:58,1283.00,1247.45,26.50
14:21:59,1282.00,1252.26,26.25
14:22:00,1284.00,1248.42,26.50
14:22:01,1282.00,1246.48,26.50
14:22:02,1284.00,1254.21,26.25
14:22:03,1281.00,1245.50,26.50
14:22:04,1280.00,1244.53,26.50
14:22:05,1283.00,1241.71,26.75
14:22:06,1281.00,1239.78,26.75
14:22:07,1284.00,1242.68,26.75
14:22:08,1283.00,1241.71,26.75
14:22:09,1282.00,1240.75,26.75
14:22:10,1283.00,1241.71,26.75
14:22:11,1285.00,1243.65,26.75
14:22:12,1285.00,1243.65,26.75
14:22:13,1286.00,1250.36,26.50
14:22:14,1287.00,1245.58,26.75
14:22:15,1288.00,1252.31,26.50
14:22:16,1285.00,1243.65,26.75
14:22:17,1284.00,1242.68,26.75
14:22:18,1286.00,1256.17,26.25
14:22:19,1285.00,1255.19,26.25
14:22:20,1285.00,1249.39,26.50
14:22:21,1285.00,1249.39,26.50
14:22:22,1286.00,1244.62,26.75
14:22:23,1285.00,1237.96,27.00
14:22:24,1284.00,1248.42,26.50
14:22:25,1285.00,1243.65,26.75
14:22:26,1283.00,1247.45,26.50
14:22:27,1285.00,1243.65,26.75
14:22:28,1281.00,1234.10,27.00
14:22:29,1286.00,1256.17,26.25
14:22:30,1283.00,1241.71,26.75
14:22:31,1284.00,1242.68,26.75
14:22:32,1284.00,1248.42,26.50
14:22:33,1283.00,1241.71,26.75
14:22:34,1283.00,1241.71,26.75
14:22:35,1284.00,1254.21,26.25
14:22:36,1283.00,1241.71,26.75
14:22:37,1284.00,1248.42,26.50
14:22:37,1281.00,1239.78,26.75
14:22:38,1283.00,1253.24,26.25
14:22:39,1283.00,1247.45,26.50
14:22:40,1281.00,1234.10,27.00
14:22:41,1294.00,1246.63,27.00
14:22:42,1321.00,1272.64,27.00
14:22:43,1360.00,1316.24,26.75
14:22:44,1359.00,1321.34,26.50
14:22:45,1361.00,1323.29,26.50
14:22:46,1364.00,1320.11,26.75
14:22:47,1363.00,1319.14,26.75
14:22:48,1361.00,1311.18,27.00
14:22:49,1363.00,1319.14,26.75
14:22:50,1362.00,1318.17,26.75
14:22:51,1363.00,1331.38,26.25
14:22:52,1362.00,1318.17,26.75
14:22:53,1365.00,1321.07,26.75
14:22:54,1366.00,1322.04,26.75
14:22:55,1364.00,1326.20,26.50
14:22:56,1363.00,1319.14,26.75
14:22:57,1365.00,1321.07,26.75
14:22:58,1364.00,1338.57,26.00
14:22:59,1364.00,1314.07,27.00
14:23:00,1393.00,1354.40,26.50
14:23:01,1405.00,1359.79,26.75
14:23:02,1406.00,1360.75,26.75
14:23:03,1405.00,1359.79,26.75
14:23:04,1408.00,1368.98,26.50
14:23:05,1407.00,1361.72,26.75
14:23:06,1410.00,1377.29,26.25
14:23:07,1409.00,1369.96,26.50
14:23:08,1408.00,1362.69,26.75
14:23:09,1410.00,1364.63,26.75
14:23:10,1411.00,1365.59,26.75
14:23:11,1409.00,1363.66,26.75
14:23:12,1411.00,1359.34,27.00
14:23:13,1412.00,1366.56,26.75
14:23:14,1413.00,1367.53,26.75
14:23:15,1412.00,1360.31,27.00
14:23:16,1412.00,1366.56,26.75
14:23:17,1411.00,1365.59,26.75
14:23:18,1413.00,1367.53,26.75
14:23:19,1411.00,1365.59,26.75
14:23:20,1415.00,1369.47,26.75
14:23:21,1412.00,1366.56,26.75
14:23:21,1413.00,1393.15,25.75
14:23:22,1414.00,1362.24,27.00
14:23:23,1415.00,1382.17,26.25
14:23:24,1416.00,1370.43,26.75
14:23:25,1417.00,1365.13,27.00
14:23:26,1416.00,1370.43,26.75
14:23:27,1418.00,1366.09,27.00
14:23:28,1418.00,1372.37,26.75
14:23:29,1418.00,1372.37,26.75
14:23:30,1417.00,1365.13,27.00
14:23:31,1417.00,1371.40,26.75
14:23:32,1419.00,1373.34,26.75
14:23:33,1419.00,1379.68,26.50
14:23:34,1421.00,1375.27,26.75
14:23:35,1416.00,1370.43,26.75
14:23:36,1419.00,1386.08,26.25
14:23:37,1422.00,1389.01,26.25
14:23:38,1419.00,1373.34,26.75
14:23:39,1421.00,1394.50,26.00
14:23:40,1421.00,1375.27,26.75
14:23:41,1421.00,1375.27,26.75
14:23:42,1421.00,1388.03,26.25
14:23:43,1420.00,1374.30,26.75
14:23:44,1423.00,1383.57,26.50
14:23:45,1423.00,1377.21,26.75
14:23:46,1421.00,1368.98,27.00
14:23:47,1421.00,1375.27,26.75
14:23:48,1422.00,1382.60,26.50
14:23:49,1421.00,1368.98,27.00
14:23:50,1420.00,1374.30,26.75
14:23:51,1423.00,1377.21,26.75
14:23:52,1424.00,1384.54,26.50
14:23:53,1427.00,1387.46,26.50
14:23:54,1423.00,1377.21,26.75
14:23:55,1402.00,1356.88,26.75
14:23:56,1416.00,1370.43,26.75
14:23:57,1409.00,1363.66,26.75
14:23:58,1414.00,1362.24,27.00
14:23:59,1400.00,1354.95,26.75
14:24:00,1415.00,1369.47,26.75
14:24:01,1426.00,1380.11,26.75
14:24:02,1427.00,1381.08,26.75
14:24:03,1428.00,1382.05,26.75
14:24:04,1426.00,1386.49,26.50
14:24:05,1429.00,1402.36,26.00
14:24:05,1430.00,1383.98,26.75
14:24:06,1432.00,1398.78,26.25
14:24:07,1434.00,1400.73,26.25
14:24:08,1432.00,1379.58,27.00
14:24:09,1434.00,1387.85,26.75
14:24:10,1434.00,1387.85,26.75
14:24:11,1435.00,1388.82,26.75
14:24:12,1436.00,1396.21,26.50
14:24:13,1438.00,1404.64,26.25
14:24:14,1435.00,1388.82,26.75
14:24:15,1434.00,1381.50,27.00
14:24:16,1434.00,1387.85,26.75
14:24:17,1437.00,1397.18,26.50
14:24:18,1437.00,1384.39,27.00
14:24:19,1436.00,1389.79,26.75
14:24:20,1439.00,1392.69,26.75
14:24:21,1438.00,1391.73,26.75
14:24:22,1438.00,1391.73,26.75
14:24:23,1438.00,1391.73,26.75
14:24:24,1439.00,1399.13,26.50
14:24:25,1439.00,1386.32,27.00
14:24:26,1439.00,1399.13,26.50
14:24:27,1437.00,1397.18,26.50
14:24:28,1441.00,1394.63,26.75
14:24:29,1381.00,1342.73,26.50
14:24:30,1439.00,1392.69,26.75
14:24:31,1440.00,1393.66,26.75
14:24:32,1441.00,1401.07,26.50
14:24:33,1440.00,1393.66,26.75
14:24:34,1438.00,1391.73,26.75
14:24:35,1440.00,1393.66,26.75
14:24:36,1441.00,1394.63,26.75
14:24:37,1438.00,1391.73,26.75
14:24:38,1441.00,1388.25,27.00
14:24:39,1438.00,1391.73,26.75
14:24:40,1439.00,1399.13,26.50
14:24:41,1439.00,1405.62,26.25
14:24:42,1441.00,1407.57,26.25
14:24:43,1439.00,1386.32,27.00
14:24:44,1441.00,1394.63,26.75
14:24:45,1439.00,1405.62,26.25
14:24:46,1440.00,1400.10,26.50
14:24:47,1443.00,1409.52,26.25
14:24:48,1442.00,1389.21,27.00
14:24:48,1443.00,1409.52,26.25
14:24:49,1442.00,1415.11,26.00
14:24:51,1441.00,1394.63,26.75
14:24:51,1441.00,1388.25,27.00
14:24:52,1443.00,1396.56,26.75
14:24:53,1443.00,1390.17,27.00
14:24:54,1443.00,1396.56,26.75
14:24:55,1444.00,1384.80,27.25
14:24:56,1443.00,1396.56,26.75
14:24:57,1443.00,1403.01,26.50
14:24:58,1444.00,1384.80,27.25
14:24:59,1443.00,1396.56,26.75
14:25:00,1422.00,1376.24,26.75
14:25:01,1443.00,1390.17,27.00
14:25:02,1442.00,1395.60,26.75
14:25:03,1445.00,1404.96,26.50
14:25:04,1444.00,1397.53,26.75
14:25:05,1443.00,1403.01,26.50
14:25:06,1444.00,1391.14,27.00
14:25:07,1446.00,1393.06,27.00
14:25:08,1444.00,1417.08,26.00
14:25:09,1443.00,1390.17,27.00
14:25:10,1444.00,1391.14,27.00
14:25:11,1446.00,1405.93,26.50
14:25:12,1443.00,1403.01,26.50
14:25:13,1445.00,1398.50,26.75
14:25:14,1442.00,1402.04,26.50
14:25:15,1444.00,1391.14,27.00
14:25:16,1443.00,1403.01,26.50
14:25:17,1445.00,1392.10,27.00
14:25:18,1445.00,1411.48,26.25
14:25:19,1445.00,1404.96,26.50
14:25:20,1453.00,1406.24,26.75
14:25:21,1450.00,1409.82,26.50
14:25:22,1451.00,1404.31,26.75
14:25:23,1451.00,1404.31,26.75
14:25:24,1450.00,1403.34,26.75
14:25:25,1451.00,1404.31,26.75
14:25:26,1450.00,1409.82,26.50
14:25:27,1451.00,1404.31,26.75
14:25:28,1450.00,1416.36,26.25
14:25:29,1450.00,1403.34,26.75
14:25:30,1452.00,1418.32,26.25
14:25:31,1452.00,1398.84,27.00
14:25:31,1451.00,1404.31,26.75
14:25:32,1450.00,1390.55,27.25
14:25:33,1451.00,1404.31,26.75
14:25:34,1452.00,1405.27,26.75
14:25:35,1454.00,1400.77,27.00
14:25:36,1451.00,1404.31,26.75
14:25:37,1451.00,1410.79,26.50
14:25:38,1453.00,1399.81,27.00
14:25:39,1453.00,1406.24,26.75
14:25:40,1454.00,1407.21,26.75
14:25:41,1452.00,1398.84,27.00
14:25:42,1454.00,1407.21,26.75
14:25:43,1455.00,1408.18,26.75
14:25:44,1454.00,1407.21,26.75
14:25:45,1454.00,1400.77,27.00
14:25:46,1453.00,1412.74,26.50
14:25:47,1455.00,1408.18,26.75
14:25:48,1453.00,1412.74,26.50
14:25:49,1451.00,1404.31,26.75
14:25:50,1452.00,1405.27,26.75
14:25:51,1454.00,1407.21,26.75
14:25:52,1454.00,1400.77,27.00
14:25:53,1454.00,1407.21,26.75
14:25:54,1454.00,1407.21,26.75
14:25:55,1455.00,1401.73,27.00
14:25:56,1456.00,1415.65,26.50
14:25:57,1455.00,1414.68,26.50
14:25:58,1455.00,1414.68,26.50
14:25:59,1457.00,1410.11,26.75
14:26:00,1455.00,1421.25,26.25
14:26:01,1453.00,1399.81,27.00
14:26:02,1454.00,1400.77,27.00
14:26:03,1454.00,1413.71,26.50
14:26:04,1454.00,1407.21,26.75
14:26:05,1454.00,1407.21,26.75
14:26:06,1454.00,1420.27,26.25
14:26:07,1456.00,1422.22,26.25
14:26:08,1453.00,1406.24,26.75
14:26:09,1451.00,1397.88,27.00
14:26:10,1452.00,1405.27,26.75
14:26:11,1451.00,1404.31,26.75
14:26:12,1451.00,1397.88,27.00
14:26:13,1454.00,1400.77,27.00
14:26:14,1451.00,1404.31,26.75
14:26:15,1455.00,1408.18,26.75
14:26:15,1451.00,1404.31,26.75
14:26:16,1453.00,1399.81,27.00
14:26:17,1457.00,1410.11,26.75
14:26:18,1457.00,1416.63,26.50
14:26:19,1456.00,1409.15,26.75
14:26:20,1454.00,1407.21,26.75
14:26:21,1459.00,1412.05,26.75
14:26:22,1460.00,1413.02,26.75
14:26:23,1460.00,1406.55,27.00
14:26:24,1459.00,1412.05,26.75
14:26:25,1462.00,1414.95,26.75
14:26:26,1459.00,1425.15,26.25
14:26:27,1463.00,1422.46,26.50
14:26:28,1465.00,1417.86,26.75
14:26:29,1472.00,1424.63,26.75
14:26:30,1470.00,1422.70,26.75
14:26:31,1468.00,1427.32,26.50
14:26:32,1469.00,1428.29,26.50
14:26:33,1472.00,1431.21,26.50
14:26:34,1469.00,1421.73,26.75
14:26:35,1471.00,1423.66,26.75
14:26:36,1470.00,1442.59,26.00
14:26:37,1471.00,1423.66,26.75
14:26:38,1473.00,1438.83,26.25
14:26:39,1470.00,1416.18,27.00
14:26:40,1467.00,1426.35,26.50
14:26:41,1471.00,1423.66,26.75
14:26:42,1472.00,1424.63,26.75
14:26:43,1469.00,1421.73,26.75
14:26:44,1466.00,1438.67,26.00
14:26:45,1472.00,1424.63,26.75
14:26:46,1470.00,1422.70,26.75
14:26:47,1471.00,1430.24,26.50
14:26:48,1470.00,1416.18,27.00
14:26:49,1470.00,1422.70,26.75
14:26:50,1469.00,1415.22,27.00
14:26:51,1471.00,1417.15,27.00
14:26:52,1470.00,1422.70,26.75
14:26:53,1470.00,1429.27,26.50
14:26:54,1469.00,1421.73,26.75
14:26:55,1469.00,1441.61,26.00
14:26:56,1471.00,1430.24,26.50
14:26:57,1471.00,1430.24,26.50
14:26:58,1470.00,1416.18,27.00
14:26:59,1469.00,1421.73,26.75
14:26:59,1471.00,1430.24,26.50
14:27:00,1470.00,1416.18,27.00
14:27:01,1472.00,1431.21,26.50
14:27:02,1471.00,1443.57,26.00
14:27:03,1471.00,1423.66,26.75
14:27:04,1471.00,1430.24,26.50
14:27:05,1471.00,1417.15,27.00
14:27:06,1472.00,1424.63,26.75
14:27:07,1472.00,1444.55,26.00
14:27:08,1471.00,1430.24,26.50
14:27:09,1471.00,1423.66,26.75
14:27:10,1471.00,1423.66,26.75
14:27:11,1470.00,1429.27,26.50
14:27:12,1469.00,1434.92,26.25
14:27:13,1469.00,1421.73,26.75
14:27:14,1471.00,1430.24,26.50
14:27:15,1472.00,1424.63,26.75
14:27:16,1470.00,1422.70,26.75
14:27:17,1471.00,1423.66,26.75
14:27:18,1468.00,1433.94,26.25
14:27:19,1471.00,1423.66,26.75
14:27:20,1470.00,1435.90,26.25
14:27:21,1472.00,1424.63,26.75
14:27:22,1467.00,1426.35,26.50
14:27:23,1471.00,1417.15,27.00
14:27:24,1468.00,1420.76,26.75
14:27:25,1472.00,1431.21,26.50
14:27:26,1469.00,1415.22,27.00
14:27:27,1451.00,1404.31,26.75
14:27:28,1469.00,1428.29,26.50
14:27:29,1472.00,1437.85,26.25
14:27:30,1470.00,1422.70,26.75
14:27:31,1470.00,1416.18,27.00
14:27:32,1467.00,1413.29,27.00
14:27:33,1472.00,1418.11,27.00
14:27:34,1469.00,1428.29,26.50
14:27:35,1469.00,1421.73,26.75
14:27:36,1469.00,1421.73,26.75
14:27:37,1470.00,1422.70,26.75
14:27:38,1471.00,1430.24,26.50
14:27:39,1469.00,1421.73,26.75
14:27:40,1469.00,1428.29,26.50
14:27:41,1473.00,1425.60,26.75
14:27:42,1471.00,1430.24,26.50
14:27:43,1471.00,1423.66,26.75
14:27:43,1468.00,1427.32,26.50
14:27:44,1472.00,1431.21,26.50
14:27:45,1472.00,1431.21,26.50
14:27:46,1470.00,1449.35,25.75
14:27:47,1468.00,1433.94,26.25
14:27:48,1470.00,1422.70,26.75
14:27:49,1468.00,1427.32,26.50
14:27:50,1471.00,1430.24,26.50
14:27:51,1469.00,1421.73,26.75
14:27:52,1470.00,1422.70,26.75
14:27:53,1471.00,1417.15,27.00
14:27:54,1471.00,1430.24,26.50
14:27:55,1468.00,1427.32,26.50
14:27:56,1471.00,1417.15,27.00
14:27:57,1471.00,1417.15,27.00
14:27:58,1470.00,1435.90,26.25
14:27:59,1469.00,1421.73,26.75
14:28:00,1469.00,1421.73,26.75
14:28:01,1468.00,1420.76,26.75
14:28:02,1466.00,1412.33,27.00
14:28:03,1468.00,1414.26,27.00
14:28:04,1469.00,1415.22,27.00
14:28:05,1467.00,1419.79,26.75
14:28:06,1469.00,1421.73,26.75
14:28:07,1469.00,1421.73,26.75
14:28:08,1470.00,1422.70,26.75
14:28:09,1467.00,1426.35,26.50
14:28:10,1468.00,1420.76,26.75
14:28:11,1468.00,1420.76,26.75
14:28:12,1469.00,1421.73,26.75
14:28:13,1469.00,1421.73,26.75
14:28:14,1468.00,1420.76,26.75
14:28:15,1467.00,1419.79,26.75
14:28:16,1469.00,1434.92,26.25
14:28:17,1468.00,1427.32,26.50
14:28:18,1467.00,1419.79,26.75
14:28:19,1467.00,1419.79,26.75
14:28:20,1469.00,1421.73,26.75
14:28:21,1465.00,1424.40,26.50
14:28:22,1467.00,1419.79,26.75
14:28:23,1467.00,1419.79,26.75
14:28:24,1468.00,1414.26,27.00
14:28:25,1446.00,1399.47,26.75
14:28:26,1465.00,1424.40,26.50
14:28:26,1466.00,1418.82,26.75
14:28:27,1466.00,1425.38,26.50
14:28:28,1466.00,1431.99,26.25
14:28:30,1467.00,1432.97,26.25
14:28:30,1467.00,1419.79,26.75
14:28:31,1466.00,1418.82,26.75
14:28:32,1466.00,1418.82,26.75
14:28:33,1465.00,1424.40,26.50
14:28:34,1468.00,1427.32,26.50
14:28:35,1467.00,1426.35,26.50
14:28:36,1467.00,1413.29,27.00
14:28:37,1464.00,1410.40,27.00
14:28:38,1472.00,1437.85,26.25
14:28:39,1470.00,1416.18,27.00
14:28:40,1469.00,1428.29,26.50
14:28:41,1470.00,1422.70,26.75
14:28:42,1472.00,1424.63,26.75
14:28:43,1468.00,1420.76,26.75
14:28:44,1470.00,1422.70,26.75
14:28:45,1470.00,1422.70,26.75
14:28:46,1471.00,1423.66,26.75
14:28:47,1471.00,1436.87,26.25
14:28:48,1470.00,1422.70,26.75
14:28:49,1471.00,1423.66,26.75
14:28:50,1470.00,1422.70,26.75
14:28:51,1471.00,1417.15,27.00
14:28:52,1472.00,1424.63,26.75
14:28:53,1470.00,1422.70,26.75
14:28:54,1470.00,1416.18,27.00
14:28:55,1471.00,1430.24,26.50
14:28:56,1471.00,1423.66,26.75
14:28:57,1468.00,1420.76,26.75
14:28:58,1470.00,1435.90,26.25
14:28:59,1471.00,1423.66,26.75
14:29:00,1473.00,1425.60,26.75
14:29:01,1471.00,1423.66,26.75
14:29:02,1471.00,1430.24,26.50
14:29:03,1472.00,1424.63,26.75
14:29:04,1472.00,1424.63,26.75
14:29:05,1471.00,1423.66,26.75
14:29:06,1470.00,1422.70,26.75
14:29:07,1473.00,1438.83,26.25
14:29:08,1471.00,1430.24,26.50
14:29:09,1470.00,1422.70,26.75
14:29:09,1470.00,1422.70,26.75
14:29:10,1470.00,1429.27,26.50
14:29:11,1468.00,1420.76,26.75
14:29:12,1470.00,1409.73,27.25
14:29:13,1469.00,1434.92,26.25
14:29:14,1473.00,1438.83,26.25
14:29:15,1472.00,1424.63,26.75
14:29:16,1471.00,1423.66,26.75
14:29:17,1468.00,1427.32,26.50
14:29:18,1470.00,1422.70,26.75
14:29:19,1468.00,1427.32,26.50
14:29:20,1471.00,1430.24,26.50
14:29:21,1468.00,1440.63,26.00
14:29:22,1469.00,1428.29,26.50
14:29:23,1470.00,1416.18,27.00
14:29:24,1467.00,1413.29,27.00
14:29:25,1466.00,1425.38,26.50
14:29:26,1469.00,1428.29,26.50
14:29:27,1467.00,1426.35,26.50
14:29:28,1468.00,1414.26,27.00
14:29:29,1470.00,1416.18,27.00
14:29:30,1469.00,1428.29,26.50
14:29:31,1469.00,1415.22,27.00
14:29:32,1469.00,1428.29,26.50
14:29:33,1468.00,1420.76,26.75
14:29:34,1470.00,1422.70,26.75
14:29:35,1468.00,1433.94,26.25
14:29:36,1468.00,1414.26,27.00
14:29:37,1468.00,1420.76,26.75
14:29:38,1469.00,1421.73,26.75
14:29:39,1469.00,1434.92,26.25
14:29:40,1468.00,1420.76,26.75
14:29:41,1466.00,1425.38,26.50
14:29:42,1470.00,1442.59,26.00
14:29:43,1469.00,1421.73,26.75
14:29:44,1470.00,1429.27,26.50
14:29:45,1468.00,1420.76,26.75
14:29:46,1470.00,1422.70,26.75
14:29:47,1470.00,1422.70,26.75
14:29:48,1470.00,1435.90,26.25
14:29:49,1468.00,1433.94,26.25
14:29:50,1469.00,1415.22,27.00
14:29:51,1469.00,1434.92,26.25
14:29:52,1467.00,1419.79,26.75
14:29:53,1467.00,1426.35,26.50
14:29:53,1470.00,1422.70,26.75
14:29:54,1470.00,1422.70,26.75
14:29:56,1468.00,1420.76,26.75
14:29:56,1467.00,1426.35,26.50
14:29:57,1469.00,1421.73,26.75
14:29:58,1470.00,1422.70,26.75
14:29:59,1467.00,1413.29,27.00
14:30:00,1439.00,1392.69,26.75
14:30:01,1467.00,1426.35,26.50
14:30:02,1469.00,1421.73,26.75
14:30:03,1469.00,1421.73,26.75
14:30:04,1468.00,1420.76,26.75
14:30:05,1471.00,1423.66,26.75
14:30:06,1470.00,1422.70,26.75
14:30:07,1466.00,1431.99,26.25
14:30:08,1469.00,1434.92,26.25
14:30:09,1470.00,1422.70,26.75
14:30:10,1464.00,1430.04,26.25
14:30:11,1468.00,1420.76,26.75
14:30:12,1467.00,1432.97,26.25
14:30:13,1466.00,1418.82,26.75
14:30:14,1466.00,1425.38,26.50
14:30:15,1465.00,1417.86,26.75
14:30:16,1466.00,1418.82,26.75
14:30:17,1465.00,1424.40,26.50
14:30:18,1466.00,1418.82,26.75
14:30:19,1468.00,1420.76,26.75
14:30:20,1466.00,1418.82,26.75
14:30:21,1467.00,1413.29,27.00
14:30:22,1468.00,1420.76,26.75
14:30:23,1466.00,1418.82,26.75
14:30:24,1466.00,1418.82,26.75
14:30:25,1468.00,1420.76,26.75
14:30:26,1465.00,1424.40,26.50
14:30:27,1468.00,1420.76,26.75
14:30:28,1464.00,1416.89,26.75
14:30:29,1465.00,1417.86,26.75
14:30:30,1466.00,1418.82,26.75
14:30:31,1467.00,1426.35,26.50
14:30:32,1464.00,1416.89,26.75
14:30:33,1465.00,1417.86,26.75
14:30:34,1465.00,1417.86,26.75
14:30:35,1464.00,1443.43,25.75
14:30:36,1465.00,1417.86,26.75
14:30:36,1465.00,1424.40,26.50
14:30:37,1465.00,1417.86,26.75
14:30:38,1464.00,1416.89,26.75
14:30:39,1467.00,1432.97,26.25
14:30:40,1464.00,1430.04,26.25
14:30:42,1464.00,1416.89,26.75
14:30:42,1462.00,1434.74,26.00
14:30:43,1464.00,1416.89,26.75
14:30:44,1464.00,1423.43,26.50
14:30:45,1464.00,1430.04,26.25
14:30:46,1464.00,1410.40,27.00
14:30:48,1463.00,1435.72,26.00
14:30:48,1464.00,1410.40,27.00
14:30:49,1464.00,1416.89,26.75
14:30:50,1465.00,1417.86,26.75
14:30:51,1464.00,1430.04,26.25
14:30:52,1464.00,1423.43,26.50
14:30:53,1464.00,1416.89,26.75
14:30:54,1461.00,1420.52,26.50
14:30:55,1463.00,1422.46,26.50
14:30:56,1465.00,1431.01,26.25
14:30:57,1463.00,1415.92,26.75
14:30:58,1465.00,1431.01,26.25
14:30:59,1462.00,1428.08,26.25
14:31:00,1463.00,1422.46,26.50
14:31:01,1464.00,1416.89,26.75
14:31:02,1463.00,1422.46,26.50
14:31:03,1464.00,1416.89,26.75
14:31:04,1464.00,1423.43,26.50
14:31:05,1462.00,1428.08,26.25
14:31:06,1463.00,1415.92,26.75
14:31:07,1462.00,1421.49,26.50
14:31:08,1463.00,1429.06,26.25
