Time,Conductivity,"Temperature, C"
12:20:18,15,22.4
0,0,0
0,0,0
12:20:20,15,22.4
0,0,0
0,0,0
12:20:22,14.9,22.4
0,0,0
0,0,0
12:20:24,14.9,22.4
0,0,0
0,0,0
12:20:26,14.9,22.4
0,0,0
0,0,0
12:20:28,14.9,22.4
0,0,0
0,0,0
12:20:30,15,22.4
0,0,0
0,0,0
12:20:32,15,22.4
0,0,0
0,0,0
12:20:34,15,22.4
0,0,0
0,0,0
12:20:36,15,22.4
0,0,0
0,0,0
12:20:38,15,22.4
0,0,0
0,0,0
12:20:40,15,22.4
0,0,0
0,0,0
12:20:42,15,22.4
0,0,0
0,0,0
12:20:44,15,22.4
0,0,0
0,0,0
12:20:46,15,22.4
0,0,0
0,0,0
12:20:48,15,22.4
0,0,0
0,0,0
12:20:50,15,22.4
0,0,0
0,0,0
12:20:52,15,22.4
0,0,0
0,0,0
12:20:54,15,22.4
0,0,0
0,0,0
12:20:56,15,22.4
0,0,0
0,0,0
12:20:58,15,22.4
0,0,0
0,0,0
12:21:00,15,22.4
0,0,0
0,0,0
12:21:02,15,22.4
0,0,0
0,0,0
12:21:04,15,22.4
0,0,0
0,0,0
12:21:06,15,22.4
0,0,0
0,0,0
12:21:08,15,22.4
0,0,0
0,0,0
12:21:10,15,22.4
0,0,0
0,0,0
12:21:12,15,22.4
0,0,0
0,0,0
12:21:14,15,22.4
0,0,0
0,0,0
12:21:16,15,22.4
0,0,0
0,0,0
12:21:18,15,22.4
0,0,0
0,0,0
12:21:20,15,22.4
0,0,0
0,0,0
12:21:22,15,22.4
0,0,0
0,0,0
12:21:24,15,22.4
0,0,0
0,0,0
12:21:26,15,22.4
0,0,0
0,0,0
12:21:28,15,22.4
0,0,0
0,0,0
12:21:30,15,22.4
0,0,0
0,0,0
12:21:32,15,22.4
0,0,0
0,0,0
12:21:34,15,22.4
0,0,0
0,0,0
12:21:36,15,22.4
0,0,0
0,0,0
12:21:38,15,22.4
0,0,0
0,0,0
12:21:40,15,22.4
0,0,0
0,0,0
12:21:42,15,22.4
0,0,0
0,0,0
12:21:44,15,22.4
0,0,0
0,0,0
12:21:46,15,22.4
0,0,0
0,0,0
12:21:48,15,22.4
0,0,0
0,0,0
12:21:50,15,22.4
0,0,0
0,0,0
12:21:52,15,22.4
0,0,0
0,0,0
12:21:54,15,22.4
0,0,0
0,0,0
12:21:56,15,22.4
0,0,0
0,0,0
12:21:58,15,22.4
0,0,0
0,0,0
12:22:00,15,22.4
0,0,0
0,0,0
12:22:02,15,22.4
0,0,0
0,0,0
12:22:04,15,22.4
0,0,0
0,0,0
12:22:06,15,22.4
0,0,0
0,0,0
12:22:08,15,22.4
0,0,0
0,0,0
12:22:10,15,22.4
0,0,0
0,0,0
12:22:12,15,22.4
0,0,0
0,0,0
12:22:14,15,22.4
0,0,0
0,0,0
12:22:16,15,22.4
0,0,0
0,0,0
12:22:18,15,22.4
0,0,0
0,0,0
12:22:20,15,22.4
0,0,0
0,0,0
12:22:22,15,22.4
0,0,0
0,0,0
12:22:24,15,22.4
0,0,0
0,0,0
12:22:26,15,22.4
0,0,0
0,0,0
12:22:28,15,22.4
0,0,0
0,0,0
12:22:30,15,22.4
0,0,0
0,0,0
12:22:32,15,22.4
0,0,0
0,0,0
12:22:34,15,22.4
0,0,0
0,0,0
12:22:36,15,22.4
0,0,0
0,0,0
12:22:38,15,22.4
0,0,0
0,0,0
12:22:40,15,22.4
0,0,0
0,0,0
12:22:42,15,22.4
0,0,0
0,0,0
12:22:44,15,22.4
0,0,0
0,0,0
12:22:46,15,22.4
0,0,0
0,0,0
12:22:48,15,22.5
0,0,0
0,0,0
12:22:50,15,22.5
0,0,0
0,0,0
12:22:52,15,22.5
0,0,0
0,0,0
12:22:54,15,22.5
0,0,0
0,0,0
12:22:56,14.9,22.5
0,0,0
0,0,0
12:22:58,14.9,22.5
0,0,0
0,0,0
12:23:00,14.9,22.5
0,0,0
0,0,0
12:23:02,14.9,22.5
0,0,0
0,0,0
12:23:04,14.9,22.4
0,0,0
0,0,0
12:23:06,15,22.5
0,0,0
0,0,0
12:23:08,15,22.5
0,0,0
0,0,0
12:23:10,14.9,22.5
0,0,0
0,0,0
12:23:12,14.9,22.4
0,0,0
0,0,0
12:23:14,14.9,22.5
0,0,0
0,0,0
12:23:16,14.9,22.4
0,0,0
0,0,0
12:23:18,14.9,22.5
0,0,0
0,0,0
12:23:20,15,22.5
0,0,0
0,0,0
12:23:22,15,22.5
0,0,0
0,0,0
12:23:24,15,22.5
0,0,0
0,0,0
12:23:26,15,22.5
0,0,0
0,0,0
12:23:28,15,22.5
0,0,0
0,0,0
12:23:30,15,22.5
0,0,0
0,0,0
12:23:32,14.9,22.5
0,0,0
0,0,0
12:23:34,14.9,22.5
0,0,0
0,0,0
12:23:36,14.9,22.5
0,0,0
0,0,0
12:23:38,14.9,22.5
0,0,0
0,0,0
12:23:40,14.9,22.5
0,0,0
0,0,0
12:23:42,15,22.5
0,0,0
0,0,0
12:23:44,15,22.5
0,0,0
0,0,0
12:23:46,15,22.5
0,0,0
0,0,0
12:23:48,14.9,22.5
0,0,0
0,0,0
12:23:50,14.9,22.5
0,0,0
0,0,0
12:23:52,14.9,22.5
0,0,0
0,0,0
12:23:54,14.9,22.5
0,0,0
0,0,0
12:23:56,14.9,22.5
0,0,0
0,0,0
12:23:58,14.9,22.5
0,0,0
0,0,0
12:24:00,14.9,22.5
0,0,0
0,0,0
12:24:02,15,22.5
0,0,0
0,0,0
12:24:04,15,22.5
0,0,0
0,0,0
12:24:06,15,22.5
0,0,0
0,0,0
12:24:08,15,22.5
0,0,0
0,0,0
12:24:10,15,22.5
0,0,0
0,0,0
12:24:12,15,22.5
0,0,0
0,0,0
12:24:14,15,22.5
0,0,0
0,0,0
12:24:16,15,22.5
0,0,0
0,0,0
12:24:18,15,22.5
0,0,0
0,0,0
12:24:20,15,22.5
0,0,0
0,0,0
12:24:22,14.9,22.5
0,0,0
0,0,0
12:24:24,14.9,22.5
0,0,0
0,0,0
12:24:26,14.9,22.5
0,0,0
0,0,0
12:24:28,14.9,22.5
0,0,0
0,0,0
12:24:30,14.9,22.5
0,0,0
0,0,0
12:24:32,14.9,22.5
0,0,0
0,0,0
12:24:34,14.9,22.5
0,0,0
0,0,0
12:24:36,14.9,22.5
0,0,0
0,0,0
12:24:38,14.9,22.5
0,0,0
0,0,0
12:24:40,15,22.5
0,0,0
0,0,0
12:24:42,15,22.5
0,0,0
0,0,0
12:24:44,15,22.5
0,0,0
0,0,0
12:24:46,14.9,22.5
0,0,0
0,0,0
12:24:48,14.9,22.5
0,0,0
0,0,0
12:24:50,14.9,22.5
0,0,0
0,0,0
12:24:52,14.9,22.5
0,0,0
0,0,0
12:24:54,14.9,22.5
0,0,0
0,0,0
12:24:56,14.9,22.5
0,0,0
0,0,0
12:24:58,14.9,22.5
0,0,0
0,0,0
12:25:00,14.9,22.5
0,0,0
0,0,0
12:25:02,15,22.5
0,0,0
0,0,0
12:25:04,15,22.5
0,0,0
0,0,0
12:25:06,15,22.5
0,0,0
0,0,0
12:25:08,15,22.5
0,0,0
0,0,0
12:25:10,15,22.5
0,0,0
0,0,0
12:25:12,15,22.5
0,0,0
0,0,0
12:25:14,15,22.5
0,0,0
0,0,0
12:25:16,15,22.5
0,0,0
0,0,0
12:25:18,15,22.5
0,0,0
0,0,0
12:25:20,14.9,22.5
0,0,0
0,0,0
12:25:22,14.9,22.5
0,0,0
0,0,0
12:25:24,14.9,22.5
0,0,0
0,0,0
12:25:26,14.9,22.5
0,0,0
0,0,0
12:25:28,14.9,22.5
0,0,0
0,0,0
12:25:30,14.9,22.5
0,0,0
0,0,0
12:25:32,14.9,22.5
0,0,0
0,0,0
12:25:34,14.9,22.5
0,0,0
0,0,0
12:25:36,14.9,22.5
0,0,0
0,0,0
12:25:38,14.9,22.5
0,0,0
0,0,0
12:25:40,14.9,22.5
0,0,0
0,0,0
12:25:42,14.9,22.5
0,0,0
0,0,0
12:25:44,14.9,22.5
0,0,0
0,0,0
12:25:46,14.9,22.5
0,0,0
0,0,0
12:25:48,14.9,22.5
0,0,0
0,0,0
12:25:50,14.9,22.5
0,0,0
0,0,0
12:25:52,14.9,22.5
0,0,0
0,0,0
12:25:54,14.9,22.5
0,0,0
0,0,0
12:25:56,14.9,22.5
0,0,0
0,0,0
12:25:58,14.9,22.5
0,0,0
0,0,0
12:26:00,14.9,22.5
0,0,0
0,0,0
12:26:02,14.9,22.5
0,0,0
0,0,0
12:26:04,14.9,22.5
0,0,0
0,0,0
12:26:06,14.9,22.5
0,0,0
0,0,0
12:26:08,14.9,22.5
0,0,0
0,0,0
12:26:10,14.9,22.5
0,0,0
0,0,0
12:26:12,14.9,22.5
0,0,0
0,0,0
12:26:14,14.9,22.5
0,0,0
0,0,0
12:26:16,14.9,22.5
0,0,0
0,0,0
12:26:18,14.9,22.5
0,0,0
0,0,0
12:26:20,14.9,22.5
0,0,0
0,0,0
12:26:22,14.9,22.5
0,0,0
0,0,0
12:26:24,14.9,22.5
0,0,0
0,0,0
12:26:26,14.9,22.5
0,0,0
0,0,0
12:26:28,14.9,22.5
0,0,0
0,0,0
12:26:30,14.9,22.5
0,0,0
0,0,0
12:26:32,14.9,22.5
0,0,0
0,0,0
12:26:34,14.9,22.5
0,0,0
0,0,0
12:26:36,14.9,22.5
0,0,0
0,0,0
12:26:38,14.9,22.5
0,0,0
0,0,0
12:26:40,14.9,22.5
0,0,0
0,0,0
12:26:42,14.9,22.5
0,0,0
0,0,0
12:26:44,14.9,22.5
0,0,0
0,0,0
12:26:46,14.9,22.5
0,0,0
0,0,0
12:26:48,14.9,22.5
0,0,0
0,0,0
12:26:50,14.9,22.5
0,0,0
0,0,0
12:26:52,14.9,22.5
0,0,0
0,0,0
12:26:54,14.9,22.5
0,0,0
0,0,0
12:26:56,14.9,22.5
0,0,0
0,0,0
12:26:58,14.9,22.5
0,0,0
0,0,0
12:27:00,14.9,22.5
0,0,0
0,0,0
12:27:02,14.9,22.5
0,0,0
0,0,0
12:27:04,14.9,22.5
0,0,0
0,0,0
12:27:06,14.9,22.5
0,0,0
0,0,0
12:27:08,14.9,22.5
0,0,0
0,0,0
12:27:10,14.9,22.5
0,0,0
0,0,0
12:27:12,14.9,22.5
0,0,0
0,0,0
12:27:14,14.9,22.5
0,0,0
0,0,0
12:27:16,14.9,22.5
0,0,0
0,0,0
12:27:18,14.9,22.5
0,0,0
0,0,0
12:27:20,14.9,22.5
0,0,0
0,0,0
12:27:22,14.9,22.5
0,0,0
0,0,0
12:27:24,14.9,22.5
0,0,0
0,0,0
12:27:26,14.9,22.5
0,0,0
0,0,0
12:27:28,14.9,22.5
0,0,0
0,0,0
12:27:30,14.9,22.5
0,0,0
0,0,0
12:27:32,14.9,22.5
0,0,0
0,0,0
12:27:34,14.9,22.5
0,0,0
0,0,0
12:27:36,14.9,22.5
0,0,0
0,0,0
12:27:38,14.9,22.5
0,0,0
0,0,0
12:27:40,14.9,22.5
0,0,0
0,0,0
12:27:42,14.9,22.5
0,0,0
0,0,0
12:27:44,14.9,22.5
0,0,0
0,0,0
12:27:46,14.9,22.5
0,0,0
0,0,0
12:27:48,14.9,22.5
0,0,0
0,0,0
12:27:50,14.9,22.5
0,0,0
0,0,0
12:27:52,14.9,22.5
0,0,0
0,0,0
12:27:54,14.9,22.5
0,0,0
0,0,0
12:27:56,14.9,22.5
0,0,0
0,0,0
12:27:58,14.9,22.5
0,0,0
0,0,0
12:28:00,14.9,22.5
0,0,0
0,0,0
12:28:02,14.9,22.5
0,0,0
0,0,0
12:28:04,14.9,22.5
0,0,0
0,0,0
12:28:06,14.9,22.5
0,0,0
0,0,0
12:28:08,14.9,22.5
0,0,0
0,0,0
12:28:10,14.9,22.5
0,0,0
0,0,0
12:28:12,14.9,22.5
0,0,0
0,0,0
12:28:14,14.9,22.5
0,0,0
0,0,0
12:28:16,14.9,22.5
0,0,0
0,0,0
12:28:18,14.9,22.5
0,0,0
0,0,0
12:28:20,14.9,22.5
0,0,0
0,0,0
12:28:22,14.9,22.5
0,0,0
0,0,0
12:28:24,14.9,22.5
0,0,0
0,0,0
12:28:26,14.9,22.5
0,0,0
0,0,0
12:28:28,14.9,22.5
0,0,0
0,0,0
12:28:30,14.9,22.5
0,0,0
0,0,0
12:28:32,14.9,22.5
0,0,0
0,0,0
12:28:34,14.9,22.5
0,0,0
0,0,0
12:28:36,14.9,22.5
0,0,0
0,0,0
12:28:38,14.9,22.5
0,0,0
0,0,0
12:28:40,14.9,22.5
0,0,0
0,0,0
12:28:42,14.9,22.5
0,0,0
0,0,0
12:28:44,14.9,22.5
0,0,0
0,0,0
12:28:46,14.9,22.5
0,0,0
0,0,0
12:28:48,14.9,22.5
0,0,0
0,0,0
12:28:50,14.9,22.5
0,0,0
0,0,0
12:28:52,14.9,22.5
0,0,0
0,0,0
12:28:54,14.9,22.5
0,0,0
0,0,0
12:28:56,14.9,22.5
0,0,0
0,0,0
12:28:58,14.9,22.5
0,0,0
0,0,0
12:29:00,14.9,22.5
0,0,0
0,0,0
12:29:02,14.9,22.5
0,0,0
0,0,0
12:29:04,14.9,22.5
0,0,0
0,0,0
12:29:06,14.9,22.5
0,0,0
0,0,0
12:29:08,14.9,22.5
0,0,0
0,0,0
12:29:10,14.9,22.5
0,0,0
0,0,0
12:29:12,14.9,22.5
0,0,0
0,0,0
12:29:14,14.9,22.5
0,0,0
0,0,0
12:29:16,14.9,22.5
0,0,0
0,0,0
12:29:18,14.9,22.5
0,0,0
0,0,0
12:29:20,14.9,22.5
0,0,0
0,0,0
12:29:22,14.9,22.5
0,0,0
0,0,0
12:29:24,14.9,22.5
0,0,0
0,0,0
12:29:26,14.9,22.5
0,0,0
0,0,0
12:29:28,14.9,22.5
0,0,0
0,0,0
12:29:30,14.9,22.5
0,0,0
0,0,0
12:29:32,14.9,22.5
0,0,0
0,0,0
12:29:34,14.9,22.5
0,0,0
0,0,0
12:29:36,14.9,22.5
0,0,0
0,0,0
12:29:38,14.9,22.5
0,0,0
0,0,0
12:29:40,14.9,22.5
0,0,0
0,0,0
12:29:42,14.9,22.5
0,0,0
0,0,0
12:29:44,14.9,22.5
0,0,0
0,0,0
12:29:46,14.9,22.5
0,0,0
0,0,0
12:29:48,14.9,22.5
0,0,0
0,0,0
12:29:50,14.9,22.5
0,0,0
0,0,0
12:29:52,14.9,22.6
0,0,0
0,0,0
12:29:54,14.8,22.6
0,0,0
0,0,0
12:29:56,14.8,22.5
0,0,0
0,0,0
12:29:58,14.8,22.5
0,0,0
0,0,0
12:30:00,14.8,22.5
0,0,0
0,0,0
12:30:02,14.9,22.5
0,0,0
0,0,0
12:30:04,14.9,22.5
0,0,0
0,0,0
12:30:06,14.9,22.5
0,0,0
0,0,0
12:30:08,14.9,22.5
0,0,0
0,0,0
12:30:10,14.9,22.5
0,0,0
0,0,0
12:30:12,14.9,22.6
0,0,0
0,0,0
12:30:14,14.9,22.6
0,0,0
0,0,0
12:30:16,14.9,22.6
0,0,0
0,0,0
12:30:18,14.9,22.6
0,0,0
0,0,0
12:30:20,14.8,22.6
0,0,0
0,0,0
12:30:22,14.8,22.5
0,0,0
0,0,0
12:30:24,14.8,22.5
0,0,0
0,0,0
12:30:26,14.8,22.6
0,0,0
0,0,0
12:30:28,14.8,22.5
0,0,0
0,0,0
12:30:30,14.9,22.6
0,0,0
0,0,0
12:30:32,14.9,22.5
0,0,0
0,0,0
12:30:34,14.8,22.5
0,0,0
0,0,0
12:30:36,14.8,22.5
0,0,0
0,0,0
12:30:38,14.8,22.5
0,0,0
0,0,0
12:30:40,14.8,22.5
0,0,0
0,0,0
12:30:42,14.8,22.5
0,0,0
0,0,0
12:30:44,14.9,22.5
0,0,0
0,0,0
12:30:46,14.9,22.5
0,0,0
0,0,0
12:30:48,14.8,22.5
0,0,0
0,0,0
12:30:50,14.8,22.5
0,0,0
0,0,0
12:30:52,14.8,22.5
0,0,0
0,0,0
12:30:54,14.8,22.5
0,0,0
0,0,0
12:30:56,14.8,22.5
0,0,0
0,0,0
12:30:58,14.8,22.5
0,0,0
0,0,0
12:31:00,14.8,22.5
0,0,0
0,0,0
12:31:02,14.8,22.5
0,0,0
0,0,0
12:31:04,14.8,22.5
0,0,0
0,0,0
12:31:06,14.8,22.5
0,0,0
0,0,0
12:31:08,14.8,22.5
0,0,0
0,0,0
12:31:10,14.8,22.5
0,0,0
0,0,0
12:31:12,14.8,22.5
0,0,0
0,0,0
12:31:14,14.8,22.6
0,0,0
0,0,0
12:31:16,14.8,22.6
0,0,0
0,0,0
12:31:18,14.8,22.6
0,0,0
0,0,0
12:31:20,14.8,22.5
0,0,0
0,0,0
12:31:22,14.8,22.6
0,0,0
0,0,0
12:31:24,14.8,22.6
0,0,0
0,0,0
12:31:26,14.8,22.6
0,0,0
0,0,0
12:31:28,14.8,22.6
0,0,0
0,0,0
12:31:30,14.8,22.6
0,0,0
0,0,0
12:31:32,14.8,22.6
0,0,0
0,0,0
12:31:34,14.8,22.6
0,0,0
0,0,0
12:31:36,14.8,22.6
0,0,0
0,0,0
12:31:38,14.8,22.5
0,0,0
0,0,0
12:31:40,14.8,22.6
0,0,0
0,0,0
12:31:42,14.8,22.6
0,0,0
0,0,0
12:31:44,14.8,22.6
0,0,0
0,0,0
12:31:46,14.8,22.6
0,0,0
0,0,0
12:31:48,14.8,22.6
0,0,0
0,0,0
12:31:50,14.8,22.6
0,0,0
0,0,0
12:31:52,14.8,22.6
0,0,0
0,0,0
12:31:54,14.8,22.6
0,0,0
0,0,0
12:31:56,14.8,22.6
0,0,0
0,0,0
12:31:58,4.7,22.6
0,0,0
0,0,0
12:32:00,0,22.6
0,0,0
0,0,0
12:32:02,0,22.5
0,0,0
0,0,0
12:32:04,0,22.5
0,0,0
0,0,0
12:32:06,31.5,22.6
0,0,0
0,0,0
12:32:08,55.2,22.7
0,0,0
0,0,0
12:32:10,55.1,22.7
0,0,0
0,0,0
12:32:12,55.1,22.6
0,0,0
0,0,0
12:32:14,55.1,22.6
0,0,0
0,0,0
12:32:16,55.1,22.6
0,0,0
0,0,0
12:32:18,55.2,22.5
0,0,0
0,0,0
12:32:20,55.3,22.5
0,0,0
0,0,0
12:32:22,55.3,22.5
0,0,0
0,0,0
12:32:24,55.3,22.4
0,0,0
0,0,0
12:32:26,55.4,22.4
0,0,0
0,0,0
12:32:28,55.4,22.3
0,0,0
0,0,0
12:32:30,55.5,22.3
0,0,0
0,0,0
12:32:32,55.5,22.3
0,0,0
0,0,0
12:32:34,55.5,22.2
0,0,0
0,0,0
12:32:36,55.6,22.2
0,0,0
0,0,0
12:32:38,55.6,22.2
0,0,0
0,0,0
12:32:40,55.7,22.2
0,0,0
0,0,0
12:32:42,55.7,22.1
0,0,0
0,0,0
12:32:44,55.7,22.1
0,0,0
0,0,0
12:32:46,55.8,22.1
0,0,0
0,0,0
12:32:48,55.8,22.1
0,0,0
0,0,0
12:32:50,55.8,22.1
0,0,0
0,0,0
12:32:52,55.9,22
0,0,0
0,0,0
12:32:54,55.9,22
0,0,0
0,0,0
12:32:56,55.9,22
0,0,0
0,0,0
12:32:58,55.9,22
0,0,0
0,0,0
12:33:00,55.9,22
0,0,0
0,0,0
12:33:02,56,22
0,0,0
0,0,0
12:33:04,56,21.9
0,0,0
0,0,0
12:33:06,56,21.9
0,0,0
0,0,0
12:33:08,56,21.9
0,0,0
0,0,0
12:33:10,56,21.9
0,0,0
0,0,0
12:33:12,56.1,21.9
0,0,0
0,0,0
12:33:14,56.1,21.9
0,0,0
0,0,0
12:33:16,56.1,21.9
0,0,0
0,0,0
12:33:18,56.1,21.9
0,0,0
0,0,0
12:33:20,56.1,21.9
0,0,0
0,0,0
12:33:22,56.1,21.9
0,0,0
0,0,0
12:33:24,56.1,21.9
0,0,0
0,0,0
12:33:26,56.1,21.9
0,0,0
0,0,0
12:33:28,56.1,21.8
0,0,0
0,0,0
12:33:30,56.1,21.8
0,0,0
0,0,0
12:33:32,56.1,21.8
0,0,0
0,0,0
12:33:34,56.2,21.8
0,0,0
0,0,0
12:33:36,56.2,21.8
0,0,0
0,0,0
12:33:38,56.2,21.8
0,0,0
0,0,0
12:33:40,56.2,21.8
0,0,0
0,0,0
12:33:42,56.2,21.8
0,0,0
0,0,0
12:33:44,56.2,21.8
0,0,0
0,0,0
12:33:46,56.2,21.8
0,0,0
0,0,0
12:33:48,56.2,21.8
0,0,0
0,0,0
12:33:50,56.2,21.8
0,0,0
0,0,0
12:33:52,56.2,21.8
0,0,0
0,0,0
12:33:54,56.2,21.8
0,0,0
0,0,0
12:33:56,56.2,21.8
0,0,0
0,0,0
12:33:58,56.2,21.8
0,0,0
0,0,0
12:34:00,56.2,21.8
0,0,0
0,0,0
12:34:02,56.2,21.7
0,0,0
0,0,0
12:34:04,56.2,21.8
0,0,0
0,0,0
12:34:06,56.2,21.8
0,0,0
0,0,0
12:34:08,56.2,21.7
0,0,0
0,0,0
12:34:10,56.3,21.7
0,0,0
0,0,0
12:34:12,56.3,21.7
0,0,0
0,0,0
12:34:14,56.3,21.7
0,0,0
0,0,0
12:34:16,56.3,21.7
0,0,0
0,0,0
12:34:18,56.3,21.7
0,0,0
0,0,0
12:34:20,56.3,21.7
0,0,0
0,0,0
12:34:22,56.3,21.7
0,0,0
0,0,0
12:34:24,56.3,21.7
0,0,0
0,0,0
12:34:26,56.4,21.7
0,0,0
0,0,0
12:34:28,56.4,21.7
0,0,0
0,0,0
12:34:30,56.4,21.7
0,0,0
0,0,0
12:34:32,56.4,21.7
0,0,0
0,0,0
12:34:34,56.4,21.7
0,0,0
0,0,0
12:34:36,56.4,21.7
0,0,0
0,0,0
12:34:38,56.4,21.7
0,0,0
0,0,0
12:34:40,56.4,21.7
0,0,0
0,0,0
12:34:42,56.4,21.7
0,0,0
0,0,0
12:34:44,56.4,21.7
0,0,0
0,0,0
12:34:46,56.4,21.7
0,0,0
0,0,0
12:34:48,56.4,21.7
0,0,0
0,0,0
12:34:50,56.4,21.7
0,0,0
0,0,0
12:34:52,56.4,21.7
0,0,0
0,0,0
12:34:54,56.4,21.7
0,0,0
0,0,0
12:34:56,56.4,21.7
0,0,0
0,0,0
12:34:58,56.4,21.7
0,0,0
0,0,0
12:35:00,56.4,21.7
0,0,0
0,0,0
12:35:02,56.4,21.7
0,0,0
0,0,0
12:35:04,56.4,21.7
0,0,0
0,0,0
12:35:06,56.4,21.7
0,0,0
0,0,0
12:35:08,56.4,21.7
0,0,0
0,0,0
12:35:10,56.4,21.7
0,0,0
0,0,0
12:35:12,56.4,21.7
0,0,0
0,0,0
12:35:14,56.4,21.7
0,0,0
0,0,0
12:35:16,56.4,21.7
0,0,0
0,0,0
12:35:18,56.4,21.7
0,0,0
0,0,0
12:35:20,56.4,21.7
0,0,0
0,0,0
12:35:22,56.4,21.7
0,0,0
0,0,0
12:35:24,56.4,21.7
0,0,0
0,0,0
12:35:26,56.4,21.7
0,0,0
0,0,0
12:35:28,56.4,21.7
0,0,0
0,0,0
12:35:30,56.4,21.7
0,0,0
0,0,0
12:35:32,56.4,21.7
0,0,0
0,0,0
12:35:34,56.4,21.7
0,0,0
0,0,0
12:35:36,56.4,21.7
0,0,0
0,0,0
12:35:38,56.4,21.7
0,0,0
0,0,0
12:35:40,56.4,21.7
0,0,0
0,0,0
12:35:42,56.4,21.7
0,0,0
0,0,0
12:35:44,56.4,21.7
0,0,0
0,0,0
12:35:46,56.4,21.6
0,0,0
0,0,0
12:35:48,56.4,21.6
0,0,0
0,0,0
12:35:50,56.4,21.6
0,0,0
0,0,0
12:35:52,56.5,21.6
0,0,0
0,0,0
12:35:54,56.5,21.6
0,0,0
0,0,0
12:35:56,56.5,21.6
0,0,0
0,0,0
12:35:58,56.5,21.6
0,0,0
0,0,0
12:36:00,56.5,21.6
0,0,0
0,0,0
12:36:02,56.5,21.6
0,0,0
0,0,0
12:36:04,56.5,21.6
0,0,0
0,0,0
12:36:06,56.5,21.6
0,0,0
0,0,0
12:36:08,56.5,21.6
0,0,0
0,0,0
12:36:10,56.5,21.6
0,0,0
0,0,0
12:36:12,56.5,21.6
0,0,0
0,0,0
12:36:14,56.5,21.6
0,0,0
0,0,0
12:36:16,56.5,21.6
0,0,0
0,0,0
12:36:18,56.5,21.6
0,0,0
0,0,0
12:36:20,56.5,21.6
0,0,0
0,0,0
12:36:22,56.5,21.6
0,0,0
0,0,0
12:36:24,56.5,21.6
0,0,0
0,0,0
12:36:26,56.5,21.6
0,0,0
0,0,0
12:36:28,56.5,21.6
0,0,0
0,0,0
12:36:30,56.5,21.6
0,0,0
0,0,0
12:36:32,56.5,21.6
0,0,0
0,0,0
12:36:34,56.5,21.6
0,0,0
0,0,0
12:36:36,56.5,21.6
0,0,0
0,0,0
12:36:38,56.5,21.6
0,0,0
0,0,0
12:36:40,56.5,21.6
0,0,0
0,0,0
12:36:42,56.5,21.6
0,0,0
0,0,0
12:36:44,56.5,21.6
0,0,0
0,0,0
12:36:46,56.5,21.6
0,0,0
0,0,0
12:36:48,56.5,21.6
0,0,0
0,0,0
12:36:50,56.5,21.6
0,0,0
0,0,0
12:36:52,56.5,21.6
0,0,0
0,0,0
12:36:54,56.5,21.6
0,0,0
0,0,0
12:36:56,56.5,21.6
0,0,0
0,0,0
12:36:58,56.5,21.6
0,0,0
0,0,0
12:37:00,56.5,21.6
0,0,0
0,0,0
12:37:02,56.5,21.6
0,0,0
0,0,0
12:37:04,56.5,21.6
0,0,0
0,0,0
12:37:06,56.5,21.6
0,0,0
0,0,0
12:37:08,56.5,21.6
0,0,0
0,0,0
12:37:10,56.5,21.6
0,0,0
0,0,0
12:37:12,56.5,21.6
0,0,0
0,0,0
12:37:14,56.5,21.6
0,0,0
0,0,0
12:37:16,56.5,21.6
0,0,0
0,0,0
12:37:18,56.5,21.6
0,0,0
0,0,0
12:37:20,56.5,21.6
0,0,0
0,0,0
12:37:22,56.5,21.6
0,0,0
0,0,0
12:37:24,56.5,21.6
0,0,0
0,0,0
12:37:26,56.5,21.6
0,0,0
0,0,0
12:37:28,56.5,21.6
0,0,0
0,0,0
12:37:30,56.5,21.6
0,0,0
0,0,0
12:37:32,56.5,21.6
0,0,0
0,0,0
12:37:34,56.5,21.6
0,0,0
0,0,0
12:37:36,56.5,21.6
0,0,0
0,0,0
12:37:38,56.5,21.6
0,0,0
0,0,0
12:37:40,56.5,21.6
0,0,0
0,0,0
12:37:42,56.5,21.6
0,0,0
0,0,0
12:37:44,56.5,21.6
0,0,0
0,0,0
12:37:46,56.5,21.6
0,0,0
0,0,0
12:37:48,56.5,21.6
0,0,0
0,0,0
12:37:50,56.5,21.6
0,0,0
0,0,0
12:37:52,56.5,21.6
0,0,0
0,0,0
12:37:54,56.5,21.6
0,0,0
0,0,0
12:37:56,56.5,21.6
0,0,0
0,0,0
12:37:58,56.5,21.6
0,0,0
0,0,0
12:38:00,56.5,21.6
0,0,0
0,0,0
12:38:02,56.5,21.6
0,0,0
0,0,0
12:38:04,56.5,21.6
0,0,0
0,0,0
12:38:06,56.5,21.6
0,0,0
0,0,0
12:38:08,56.5,21.6
0,0,0
0,0,0
12:38:10,56.5,21.6
0,0,0
0,0,0
12:38:12,56.5,21.6
0,0,0
0,0,0
12:38:14,56.5,21.6
0,0,0
0,0,0
12:38:16,56.5,21.6
0,0,0
0,0,0
12:38:18,56.5,21.5
0,0,0
0,0,0
12:38:20,56.5,21.6
0,0,0
0,0,0
12:38:22,56.5,21.6
0,0,0
0,0,0
12:38:24,56.5,21.5
0,0,0
0,0,0
12:38:26,56.6,21.5
0,0,0
0,0,0
12:38:28,56.5,21.5
0,0,0
0,0,0
12:38:30,56.6,21.5
0,0,0
0,0,0
12:38:32,56.6,21.5
0,0,0
0,0,0
12:38:34,56.6,21.5
0,0,0
0,0,0
12:38:36,56.6,21.5
0,0,0
0,0,0
12:38:38,56.6,21.5
0,0,0
0,0,0
12:38:40,56.6,21.6
0,0,0
0,0,0
12:38:42,56.6,21.5
0,0,0
0,0,0
12:38:44,56.6,21.5
0,0,0
0,0,0
12:38:46,56.6,21.5
0,0,0
0,0,0
12:38:48,56.6,21.6
0,0,0
0,0,0
12:38:50,56.6,21.6
0,0,0
0,0,0
12:38:52,56.5,21.6
0,0,0
0,0,0
12:38:54,56.5,21.5
0,0,0
0,0,0
12:38:56,56.5,21.6
0,0,0
0,0,0
12:38:58,56.5,21.6
0,0,0
0,0,0
12:39:00,56.5,21.6
0,0,0
0,0,0
12:39:02,56.5,21.6
0,0,0
0,0,0
12:39:04,56.5,21.6
0,0,0
0,0,0
12:39:06,56.5,21.6
0,0,0
0,0,0
12:39:08,56.5,21.6
0,0,0
0,0,0
12:39:10,56.5,21.6
0,0,0
0,0,0
12:39:12,56.5,21.6
0,0,0
0,0,0
12:39:14,56.5,21.6
0,0,0
0,0,0
12:39:16,56.5,21.6
0,0,0
0,0,0
12:39:18,56.5,21.6
0,0,0
0,0,0
12:39:20,56.5,21.6
0,0,0
0,0,0
12:39:22,56.5,21.6
0,0,0
0,0,0
12:39:24,56.5,21.6
0,0,0
0,0,0
12:39:26,56.5,21.6
0,0,0
0,0,0
12:39:28,56.5,21.6
0,0,0
0,0,0
12:39:30,56.5,21.6
0,0,0
0,0,0
12:39:32,56.5,21.6
0,0,0
0,0,0
12:39:34,56.5,21.6
0,0,0
0,0,0
12:39:36,56.5,21.6
0,0,0
0,0,0
12:39:38,56.5,21.6
0,0,0
0,0,0
12:39:40,56.5,21.6
0,0,0
0,0,0
12:39:42,56.5,21.6
0,0,0
0,0,0
12:39:44,56.5,21.6
0,0,0
0,0,0
12:39:46,56.5,21.6
0,0,0
0,0,0
12:39:48,56.5,21.6
0,0,0
0,0,0
12:39:50,56.5,21.6
0,0,0
0,0,0
12:39:52,56.5,21.5
0,0,0
0,0,0
12:39:54,56.5,21.6
0,0,0
0,0,0
12:39:56,56.5,21.6
0,0,0
0,0,0
12:39:58,56.5,21.6
0,0,0
0,0,0
12:40:00,56.5,21.6
0,0,0
0,0,0
12:40:02,56.5,21.6
0,0,0
0,0,0
12:40:04,56.5,21.6
0,0,0
0,0,0
12:40:06,56.5,21.6
0,0,0
0,0,0
12:40:08,56.5,21.6
0,0,0
0,0,0
12:40:10,56.5,21.6
0,0,0
0,0,0
12:40:12,56.5,21.6
0,0,0
0,0,0
12:40:14,56.5,21.6
0,0,0
0,0,0
12:40:16,56.5,21.6
0,0,0
0,0,0
12:40:18,56.5,21.6
0,0,0
0,0,0
12:40:20,56.5,21.6
0,0,0
0,0,0
12:40:22,56.5,21.6
0,0,0
0,0,0
12:40:24,56.5,21.5
0,0,0
0,0,0
12:40:26,56.5,21.5
0,0,0
0,0,0
12:40:28,0.1,21.5
0,0,0
0,0,0
12:40:30,0,21.5
0,0,0
0,0,0
12:40:32,0,21.6
0,0,0
0,0,0
12:40:34,0,21.7
0,0,0
0,0,0
12:40:36,0,21.8
0,0,0
0,0,0
12:40:38,0.325,22
0,0,0
0,0,0
12:40:40,0.297,22
0,0,0
0,0,0
12:40:42,0.297,22
0,0,0
0,0,0
12:40:44,0.296,22.1
0,0,0
0,0,0
12:40:46,0.296,22.1
0,0,0
0,0,0
12:40:48,0.296,22.1
0,0,0
0,0,0
12:40:50,0.296,22.2
0,0,0
0,0,0
12:40:52,0.296,22.2
0,0,0
0,0,0
12:40:54,0.296,22.2
0,0,0
0,0,0
12:40:56,0.296,22.2
0,0,0
0,0,0
12:40:58,0.295,22.2
0,0,0
0,0,0
12:41:00,0.295,22.2
0,0,0
0,0,0
12:41:02,0.295,22.2
0,0,0
0,0,0
12:41:04,0.295,22.2
0,0,0
0,0,0
12:41:06,0.296,22.2
0,0,0
0,0,0
12:41:08,0.296,22.2
0,0,0
0,0,0
12:41:10,0.296,22.3
0,0,0
0,0,0
12:41:12,0.295,22.3
0,0,0
0,0,0
12:41:14,0.295,22.3
0,0,0
0,0,0
12:41:16,0.295,22.3
0,0,0
0,0,0
12:41:18,0.295,22.3
0,0,0
0,0,0
12:41:20,0.295,22.3
0,0,0
0,0,0
12:41:22,0.295,22.3
0,0,0
0,0,0
12:41:24,0.295,22.3
0,0,0
0,0,0
12:41:26,0.295,22.3
0,0,0
0,0,0
12:41:28,0.295,22.3
0,0,0
0,0,0
12:41:30,0.295,22.3
0,0,0
0,0,0
12:41:32,0.295,22.3
0,0,0
0,0,0
12:41:34,0.295,22.3
0,0,0
0,0,0
12:41:36,0.295,22.3
0,0,0
0,0,0
12:41:38,0.295,22.3
0,0,0
0,0,0
12:41:40,0.295,22.3
0,0,0
0,0,0
12:41:42,0.295,22.3
0,0,0
0,0,0
12:41:44,0.295,22.3
0,0,0
0,0,0
12:41:46,0.295,22.3
0,0,0
0,0,0
12:41:48,0.295,22.3
0,0,0
0,0,0
12:41:50,0.295,22.3
0,0,0
0,0,0
12:41:52,0.295,22.3
0,0,0
0,0,0
12:41:54,0.295,22.3
0,0,0
0,0,0
12:41:56,0.295,22.3
0,0,0
0,0,0
12:41:58,0.295,22.3
0,0,0
0,0,0
12:42:00,0.295,22.3
0,0,0
0,0,0
12:42:02,0.295,22.3
0,0,0
0,0,0
12:42:04,0.295,22.3
0,0,0
0,0,0
12:42:06,0.295,22.3
0,0,0
0,0,0
12:42:08,0.295,22.3
0,0,0
0,0,0
12:42:10,0.295,22.3
0,0,0
0,0,0
12:42:12,0.295,22.3
0,0,0
0,0,0
12:42:14,0.295,22.3
0,0,0
0,0,0
12:42:16,0.295,22.3
0,0,0
0,0,0
12:42:18,0.295,22.3
0,0,0
0,0,0
12:42:20,0.295,22.3
0,0,0
0,0,0
12:42:22,0.296,22.3
0,0,0
0,0,0
12:42:24,0.296,22.4
0,0,0
0,0,0
12:42:26,0.295,22.4
0,0,0
0,0,0
12:42:28,0.295,22.4
0,0,0
0,0,0
12:42:30,0.295,22.3
0,0,0
0,0,0
12:42:32,0.295,22.3
0,0,0
0,0,0
12:42:34,0.295,22.3
0,0,0
0,0,0
12:42:36,0.295,22.4
0,0,0
0,0,0
12:42:38,0.295,22.3
0,0,0
0,0,0
12:42:40,0.295,22.4
0,0,0
0,0,0
12:42:42,0.295,22.4
0,0,0
0,0,0
12:42:44,0.295,22.4
0,0,0
0,0,0
12:42:46,0.295,22.4
0,0,0
0,0,0
12:42:48,0.295,22.4
0,0,0
0,0,0
12:42:50,0.295,22.4
0,0,0
0,0,0
12:42:52,0.295,22.3
0,0,0
0,0,0
12:42:54,0.295,22.4
0,0,0
0,0,0
12:42:56,0.295,22.4
0,0,0
0,0,0
12:42:58,0.295,22.4
0,0,0
0,0,0
12:43:00,0.295,22.4
0,0,0
0,0,0
12:43:02,0.295,22.4
0,0,0
0,0,0
12:43:04,0.295,22.4
0,0,0
0,0,0
12:43:06,0.295,22.4
0,0,0
0,0,0
12:43:08,0.295,22.4
0,0,0
0,0,0
12:43:10,0.295,22.4
0,0,0
0,0,0
12:43:12,0.295,22.4
0,0,0
0,0,0
12:43:14,0.295,22.4
0,0,0
0,0,0
12:43:16,0.295,22.4
0,0,0
0,0,0
12:43:18,0.295,22.4
0,0,0
0,0,0
12:43:20,0.295,22.4
0,0,0
0,0,0
12:43:22,0.295,22.4
0,0,0
0,0,0
12:43:24,0.295,22.4
0,0,0
0,0,0
12:43:26,0.295,22.4
0,0,0
0,0,0
12:43:28,0.295,22.4
0,0,0
0,0,0
12:43:30,0.295,22.4
0,0,0
0,0,0
12:43:32,0.295,22.4
0,0,0
0,0,0
12:43:34,0.295,22.4
0,0,0
0,0,0
12:43:36,0.295,22.4
0,0,0
0,0,0
12:43:38,0.295,22.4
0,0,0
0,0,0
12:43:40,0.295,22.4
0,0,0
0,0,0
12:43:42,0.295,22.4
0,0,0
0,0,0
12:43:44,0.295,22.4
0,0,0
0,0,0
12:43:46,0.295,22.4
0,0,0
0,0,0
12:43:48,0.295,22.4
0,0,0
0,0,0
12:43:50,0.295,22.4
0,0,0
0,0,0
12:43:52,0.295,22.4
0,0,0
0,0,0
12:43:54,0.295,22.4
0,0,0
0,0,0
12:43:56,0.295,22.4
0,0,0
0,0,0
12:43:58,0.295,22.4
0,0,0
0,0,0
12:44:00,0.295,22.4
0,0,0
0,0,0
12:44:02,0.296,22.4
0,0,0
0,0,0
12:44:04,0.296,22.4
0,0,0
0,0,0
12:44:06,0.296,22.4
0,0,0
0,0,0
12:44:08,0.296,22.4
0,0,0
0,0,0
12:44:10,0.296,22.4
0,0,0
0,0,0
12:44:12,0.296,22.4
0,0,0
0,0,0
12:44:14,0.296,22.4
0,0,0
0,0,0
12:44:16,0.296,22.4
0,0,0
0,0,0
12:44:18,0.296,22.4
0,0,0
0,0,0
12:44:20,0.296,22.4
0,0,0
0,0,0
12:44:22,0.296,22.4
0,0,0
0,0,0
12:44:24,0.296,22.4
0,0,0
0,0,0
12:44:26,0.296,22.4
0,0,0
0,0,0
12:44:28,0.296,22.4
0,0,0
0,0,0
12:44:30,0.296,22.4
0,0,0
0,0,0
12:44:32,0.296,22.4
0,0,0
0,0,0
12:44:34,0.296,22.4
0,0,0
0,0,0
12:44:36,0.296,22.4
0,0,0
0,0,0
12:44:38,0.296,22.4
0,0,0
0,0,0
12:44:40,0.296,22.4
0,0,0
0,0,0
12:44:42,0.296,22.4
0,0,0
0,0,0
12:44:44,0.296,22.4
0,0,0
0,0,0
12:44:46,0.296,22.4
0,0,0
0,0,0
12:44:48,0.296,22.4
0,0,0
0,0,0
12:44:50,0.296,22.4
0,0,0
0,0,0
12:44:52,0.296,22.4
0,0,0
0,0,0
12:44:54,0.296,22.4
0,0,0
0,0,0
12:44:56,0.296,22.4
0,0,0
0,0,0
12:44:58,0.296,22.4
0,0,0
0,0,0
12:45:00,0.296,22.4
0,0,0
0,0,0
12:45:02,0.296,22.4
0,0,0
0,0,0
12:45:04,0.296,22.4
0,0,0
0,0,0
12:45:06,0.296,22.4
0,0,0
0,0,0
12:45:08,0.296,22.4
0,0,0
0,0,0
12:45:10,0.296,22.4
0,0,0
0,0,0
12:45:12,0.296,22.4
0,0,0
0,0,0
12:45:14,0.296,22.4
0,0,0
0,0,0
12:45:16,0.296,22.4
0,0,0
0,0,0
12:45:18,0.296,22.4
0,0,0
0,0,0
12:45:20,0.296,22.4
0,0,0
0,0,0
12:45:22,0.296,22.4
0,0,0
0,0,0
12:45:24,0.296,22.4
0,0,0
0,0,0
12:45:26,0.296,22.4
0,0,0
0,0,0
12:45:28,0.296,22.4
0,0,0
0,0,0
12:45:30,0.296,22.4
0,0,0
0,0,0
12:45:32,0.296,22.4
0,0,0
0,0,0
12:45:34,0.296,22.4
0,0,0
0,0,0
12:45:36,0.296,22.4
0,0,0
0,0,0
12:45:38,0.296,22.4
0,0,0
0,0,0
12:45:40,0.296,22.4
0,0,0
0,0,0
12:45:42,0.296,22.4
0,0,0
0,0,0
12:45:44,0.296,22.4
0,0,0
0,0,0
12:45:46,0.296,22.4
0,0,0
0,0,0
12:45:48,0.296,22.4
0,0,0
0,0,0
12:45:50,0.296,22.4
0,0,0
0,0,0
12:45:52,0.296,22.4
0,0,0
0,0,0
12:45:54,0.296,22.4
0,0,0
0,0,0
12:45:56,0.296,22.4
0,0,0
0,0,0
12:45:58,0.296,22.4
0,0,0
0,0,0
12:46:00,0.296,22.4
0,0,0
0,0,0
12:46:02,0.296,22.4
0,0,0
0,0,0
12:46:04,0.296,22.4
0,0,0
0,0,0
12:46:06,0.296,22.4
0,0,0
0,0,0
12:46:08,0.296,22.4
0,0,0
0,0,0
12:46:10,0.296,22.4
0,0,0
0,0,0
12:46:12,0.296,22.4
0,0,0
0,0,0
12:46:14,0.296,22.4
0,0,0
0,0,0
12:46:16,0.296,22.4
0,0,0
0,0,0
12:46:18,0.296,22.4
0,0,0
0,0,0
12:46:20,0.296,22.4
0,0,0
0,0,0
12:46:22,0.296,22.4
0,0,0
0,0,0
12:46:24,0.296,22.4
0,0,0
0,0,0
12:46:26,0.296,22.4
0,0,0
0,0,0
12:46:28,0.296,22.4
0,0,0
0,0,0
12:46:30,0.296,22.4
0,0,0
0,0,0
12:46:32,0.296,22.4
0,0,0
0,0,0
12:46:34,0.296,22.4
0,0,0
0,0,0
12:46:36,0.296,22.4
0,0,0
0,0,0
12:46:38,0.296,22.4
0,0,0
0,0,0
12:46:40,0.296,22.4
0,0,0
0,0,0
12:46:42,0.296,22.4
0,0,0
0,0,0
12:46:44,0.296,22.4
0,0,0
0,0,0
12:46:46,0.296,22.4
0,0,0
0,0,0
12:46:48,0.296,22.4
0,0,0
0,0,0
12:46:50,0.296,22.4
0,0,0
0,0,0
12:46:52,0.296,22.4
0,0,0
0,0,0
12:46:54,0.296,22.4
0,0,0
0,0,0
12:46:56,0.296,22.4
0,0,0
0,0,0
12:46:58,0.296,22.4
0,0,0
0,0,0
12:47:00,0.296,22.4
0,0,0
0,0,0
12:47:02,0.296,22.4
0,0,0
0,0,0
12:47:04,0.296,22.4
0,0,0
0,0,0
12:47:06,0.297,22.4
0,0,0
0,0,0
12:47:08,0.297,22.4
0,0,0
0,0,0
12:47:10,0.296,22.4
0,0,0
0,0,0
12:47:12,0.296,22.4
0,0,0
0,0,0
12:47:14,0.296,22.4
0,0,0
0,0,0
12:47:16,0.296,22.4
0,0,0
0,0,0
12:47:18,0.297,22.4
0,0,0
0,0,0
12:47:20,0.296,22.4
0,0,0
0,0,0
12:47:22,0.296,22.4
0,0,0
0,0,0
12:47:24,0.296,22.4
0,0,0
0,0,0
12:47:26,0.296,22.4
0,0,0
0,0,0
12:47:28,0.296,22.4
0,0,0
0,0,0
12:47:30,0.296,22.4
0,0,0
0,0,0
12:47:32,0.296,22.4
0,0,0
0,0,0
12:47:34,0.296,22.4
0,0,0
0,0,0
12:47:36,0.297,22.4
0,0,0
0,0,0
12:47:38,0.296,22.4
0,0,0
0,0,0
12:47:40,0.296,22.4
0,0,0
0,0,0
12:47:42,0.296,22.4
0,0,0
0,0,0
12:47:44,0.296,22.4
0,0,0
0,0,0
12:47:46,0.296,22.4
0,0,0
0,0,0
12:47:48,0.296,22.4
0,0,0
0,0,0
12:47:50,0.296,22.4
0,0,0
0,0,0
12:47:52,0.296,22.4
0,0,0
0,0,0
12:47:54,0.296,22.4
0,0,0
0,0,0
12:47:56,0.297,22.4
0,0,0
0,0,0
12:47:58,0.297,22.4
0,0,0
0,0,0
12:48:00,0.297,22.4
0,0,0
0,0,0
12:48:02,0.297,22.4
0,0,0
0,0,0
12:48:04,0.297,22.4
0,0,0
0,0,0
12:48:06,0.297,22.4
0,0,0
0,0,0
12:48:08,0.296,22.4
0,0,0
0,0,0
12:48:10,0.296,22.4
0,0,0
0,0,0
12:48:12,0.296,22.4
0,0,0
0,0,0
12:48:14,0.296,22.4
0,0,0
0,0,0
12:48:16,0.297,22.4
0,0,0
0,0,0
12:48:18,0.297,22.4
0,0,0
0,0,0
12:48:20,0.297,22.4
0,0,0
0,0,0
12:48:22,0.297,22.4
0,0,0
0,0,0
12:48:24,0.297,22.4
0,0,0
0,0,0
12:48:26,0.297,22.4
0,0,0
0,0,0
12:48:28,0.297,22.4
0,0,0
0,0,0
12:48:30,0.297,22.4
0,0,0
0,0,0
12:48:32,0.297,22.4
0,0,0
0,0,0
12:48:34,0.297,22.4
0,0,0
0,0,0
12:48:36,0.297,22.4
0,0,0
0,0,0
12:48:38,0.297,22.4
0,0,0
0,0,0
12:48:40,0.297,22.4
0,0,0
0,0,0
12:48:42,0.297,22.4
0,0,0
0,0,0
12:48:44,0.297,22.4
0,0,0
0,0,0
12:48:46,0.297,22.4
0,0,0
0,0,0
12:48:48,0.297,22.4
0,0,0
0,0,0
12:48:50,0.297,22.4
0,0,0
0,0,0
12:48:52,0.297,22.4
0,0,0
0,0,0
12:48:54,0.297,22.4
0,0,0
0,0,0
12:48:56,0.297,22.4
0,0,0
0,0,0
12:48:58,0.297,22.4
0,0,0
0,0,0
12:49:00,0.297,22.4
0,0,0
0,0,0
12:49:02,0.297,22.4
0,0,0
0,0,0
12:49:04,0.297,22.4
0,0,0
0,0,0
12:49:06,0.297,22.4
0,0,0
0,0,0
12:49:08,0.297,22.4
0,0,0
0,0,0
12:49:10,0.297,22.4
0,0,0
0,0,0
12:49:12,0.297,22.4
0,0,0
0,0,0
12:49:14,0.297,22.4
0,0,0
0,0,0
12:49:16,0.297,22.4
0,0,0
0,0,0
12:49:18,0.297,22.4
0,0,0
0,0,0
12:49:20,0.297,22.4
0,0,0
0,0,0
12:49:22,0.297,22.4
0,0,0
0,0,0
12:49:24,0.297,22.4
0,0,0
0,0,0
12:49:26,0.297,22.4
0,0,0
0,0,0
12:49:28,0.297,22.4
0,0,0
0,0,0
12:49:30,0.297,22.4
0,0,0
0,0,0
12:49:32,0.297,22.4
0,0,0
0,0,0
12:49:34,0.297,22.4
0,0,0
0,0,0
12:49:36,0.297,22.4
0,0,0
0,0,0
12:49:38,0.297,22.4
0,0,0
0,0,0
12:49:40,0.297,22.4
0,0,0
0,0,0
12:49:42,0.297,22.4
0,0,0
0,0,0
12:49:44,0.297,22.4
0,0,0
0,0,0
12:49:46,0.297,22.4
0,0,0
0,0,0
12:49:48,0.297,22.4
0,0,0
0,0,0
12:49:50,0.297,22.4
0,0,0
0,0,0
12:49:52,0.297,22.4
0,0,0
0,0,0
12:49:54,0.297,22.4
0,0,0
0,0,0
12:49:56,0.297,22.4
0,0,0
0,0,0
12:49:58,0.297,22.4
0,0,0
0,0,0
12:50:00,0.297,22.4
0,0,0
0,0,0
12:50:02,0.297,22.4
0,0,0
0,0,0
12:50:04,0.297,22.4
0,0,0
0,0,0
12:50:06,0.297,22.4
0,0,0
0,0,0
12:50:08,0.297,22.4
0,0,0
0,0,0
12:50:10,0.297,22.4
0,0,0
0,0,0
12:50:12,0.297,22.4
0,0,0
0,0,0
12:50:14,0.297,22.4
0,0,0
0,0,0
12:50:16,0.297,22.4
0,0,0
0,0,0
12:50:18,0.297,22.4
0,0,0
0,0,0
12:50:20,0.297,22.4
0,0,0
0,0,0
12:50:22,0.297,22.4
0,0,0
0,0,0
12:50:24,0.297,22.4
0,0,0
0,0,0
12:50:26,0.297,22.4
0,0,0
0,0,0
12:50:28,0.297,22.4
0,0,0
0,0,0
12:50:30,0.297,22.4
0,0,0
0,0,0
12:50:32,0.297,22.4
0,0,0
0,0,0
12:50:34,0.297,22.4
0,0,0
0,0,0
12:50:36,0.297,22.4
0,0,0
0,0,0
12:50:38,0.297,22.4
0,0,0
0,0,0
12:50:40,0.297,22.4
0,0,0
0,0,0
12:50:42,0.297,22.4
0,0,0
0,0,0
12:50:44,0.297,22.4
0,0,0
0,0,0
12:50:46,0.297,22.4
0,0,0
0,0,0
12:50:48,0.297,22.4
0,0,0
0,0,0
12:50:50,0.297,22.4
0,0,0
0,0,0
12:50:52,0.297,22.4
0,0,0
0,0,0
12:50:54,0.297,22.4
0,0,0
0,0,0
12:50:56,0.297,22.4
0,0,0
0,0,0
12:50:58,0.297,22.4
0,0,0
0,0,0
12:51:00,0.297,22.4
0,0,0
0,0,0
12:51:02,0.297,22.4
0,0,0
0,0,0
12:51:04,0.126,22.4
0,0,0
0,0,0
12:51:06,0,22.4
0,0,0
0,0,0
12:51:08,0,22.3
0,0,0
0,0,0
12:51:10,0,22.3
0,0,0
0,0,0
12:51:12,0.934,22.3
0,0,0
0,0,0
12:51:14,0.915,22.3
0,0,0
0,0,0
12:51:16,0.915,22.3
0,0,0
0,0,0
12:51:18,0.915,22.3
0,0,0
0,0,0
12:51:20,0.915,22.3
0,0,0
0,0,0
12:51:22,0.915,22.3
0,0,0
0,0,0
12:51:24,0.915,22.4
0,0,0
0,0,0
12:51:26,0.915,22.4
0,0,0
0,0,0
12:51:28,0.915,22.4
0,0,0
0,0,0
12:51:30,0.915,22.4
0,0,0
0,0,0
12:51:32,0.914,22.4
0,0,0
0,0,0
12:51:34,0.915,22.4
0,0,0
0,0,0
12:51:36,0.915,22.4
0,0,0
0,0,0
12:51:38,0.915,22.4
0,0,0
0,0,0
12:51:40,0.915,22.4
0,0,0
0,0,0
12:51:42,0.915,22.4
0,0,0
0,0,0
12:51:44,0.915,22.4
0,0,0
0,0,0
12:51:46,0.915,22.4
0,0,0
0,0,0
12:51:48,0.915,22.4
0,0,0
0,0,0
12:51:50,0.915,22.4
0,0,0
0,0,0
12:51:52,0.916,22.4
0,0,0
0,0,0
12:51:54,0.916,22.4
0,0,0
0,0,0
12:51:56,0.916,22.4
0,0,0
0,0,0
12:51:58,0.916,22.4
0,0,0
0,0,0
12:52:00,0.916,22.4
0,0,0
0,0,0
12:52:02,0.916,22.4
0,0,0
0,0,0
12:52:04,0.916,22.5
0,0,0
0,0,0
12:52:06,0.915,22.5
0,0,0
0,0,0
12:52:08,0.915,22.5
0,0,0
0,0,0
12:52:10,0.914,22.5
0,0,0
0,0,0
12:52:12,0.914,22.5
0,0,0
0,0,0
12:52:14,0.914,22.5
0,0,0
0,0,0
12:52:16,0.914,22.5
0,0,0
0,0,0
12:52:18,0.914,22.5
0,0,0
0,0,0
12:52:20,0.914,22.5
0,0,0
0,0,0
12:52:22,0.914,22.5
0,0,0
0,0,0
12:52:24,0.915,22.5
0,0,0
0,0,0
12:52:26,0.915,22.5
0,0,0
0,0,0
12:52:28,0.915,22.5
0,0,0
0,0,0
12:52:30,0.915,22.5
0,0,0
0,0,0
12:52:32,0.915,22.5
0,0,0
0,0,0
12:52:34,0.915,22.5
0,0,0
0,0,0
12:52:36,0.915,22.5
0,0,0
0,0,0
12:52:38,0.915,22.5
0,0,0
0,0,0
12:52:40,0.915,22.5
0,0,0
0,0,0
12:52:42,0.915,22.5
0,0,0
0,0,0
12:52:44,0.915,22.5
0,0,0
0,0,0
12:52:46,0.915,22.5
0,0,0
0,0,0
12:52:48,0.915,22.5
0,0,0
0,0,0
12:52:50,0.916,22.5
0,0,0
0,0,0
12:52:52,0.916,22.5
0,0,0
0,0,0
12:52:54,0.916,22.5
0,0,0
0,0,0
12:52:56,0.916,22.5
0,0,0
0,0,0
12:52:58,0.916,22.5
0,0,0
0,0,0
12:53:00,0.916,22.5
0,0,0
0,0,0
12:53:02,0.916,22.5
0,0,0
0,0,0
12:53:04,0.916,22.5
0,0,0
0,0,0
12:53:06,0.916,22.5
0,0,0
0,0,0
12:53:08,0.916,22.5
0,0,0
0,0,0
12:53:10,0.916,22.5
0,0,0
0,0,0
12:53:12,0.916,22.5
0,0,0
0,0,0
12:53:14,0.917,22.5
0,0,0
0,0,0
12:53:16,0.917,22.5
0,0,0
0,0,0
12:53:18,0.917,22.5
0,0,0
0,0,0
12:53:20,0.917,22.5
0,0,0
0,0,0
12:53:22,0.917,22.5
0,0,0
0,0,0
12:53:24,0.917,22.5
0,0,0
0,0,0
12:53:26,0.917,22.5
0,0,0
0,0,0
12:53:28,0.917,22.6
0,0,0
0,0,0
12:53:30,0.916,22.6
0,0,0
0,0,0
12:53:32,0.916,22.6
0,0,0
0,0,0
12:53:34,0.915,22.6
0,0,0
0,0,0
12:53:36,0.915,22.6
0,0,0
0,0,0
12:53:38,0.915,22.5
0,0,0
0,0,0
12:53:40,0.915,22.6
0,0,0
0,0,0
12:53:42,0.916,22.6
0,0,0
0,0,0
12:53:44,0.916,22.6
0,0,0
0,0,0
12:53:46,0.916,22.6
0,0,0
0,0,0
12:53:48,0.916,22.6
0,0,0
0,0,0
12:53:50,0.916,22.6
0,0,0
0,0,0
12:53:52,0.916,22.6
0,0,0
0,0,0
12:53:54,0.916,22.6
0,0,0
0,0,0
12:53:56,0.916,22.6
0,0,0
0,0,0
12:53:58,0.916,22.6
0,0,0
0,0,0
12:54:00,0.916,22.6
0,0,0
0,0,0
12:54:02,0.916,22.6
0,0,0
0,0,0
12:54:04,0.916,22.6
0,0,0
0,0,0
12:54:06,0.916,22.6
0,0,0
0,0,0
12:54:08,0.916,22.6
0,0,0
0,0,0
12:54:10,0.916,22.6
0,0,0
0,0,0
12:54:12,0.916,22.6
0,0,0
0,0,0
12:54:14,0.916,22.6
0,0,0
0,0,0
12:54:16,0.916,22.6
0,0,0
0,0,0
12:54:18,0.916,22.6
0,0,0
0,0,0
12:54:20,0.916,22.6
0,0,0
0,0,0
12:54:22,0.917,22.6
0,0,0
0,0,0
12:54:24,0.916,22.6
0,0,0
0,0,0
12:54:26,0.916,22.6
0,0,0
0,0,0
12:54:28,0.916,22.6
0,0,0
0,0,0
12:54:30,0.916,22.6
0,0,0
0,0,0
12:54:32,0.917,22.6
0,0,0
0,0,0
12:54:34,0.917,22.6
0,0,0
0,0,0
12:54:36,0.917,22.6
0,0,0
0,0,0
12:54:38,0.917,22.6
0,0,0
0,0,0
12:54:40,0.917,22.6
0,0,0
0,0,0
12:54:42,0.917,22.6
0,0,0
0,0,0
12:54:44,0.917,22.6
0,0,0
0,0,0
12:54:46,0.917,22.6
0,0,0
0,0,0
12:54:48,0.917,22.6
0,0,0
0,0,0
12:54:50,0.917,22.6
0,0,0
0,0,0
12:54:52,0.917,22.6
0,0,0
0,0,0
12:54:54,0.917,22.6
0,0,0
0,0,0
12:54:56,0.917,22.6
0,0,0
0,0,0
12:54:58,0.917,22.6
0,0,0
0,0,0
12:55:00,0.917,22.6
0,0,0
0,0,0
12:55:02,0.917,22.6
0,0,0
0,0,0
12:55:04,0.917,22.6
0,0,0
0,0,0
12:55:06,0.917,22.6
0,0,0
0,0,0
12:55:08,0.917,22.6
0,0,0
0,0,0
12:55:10,0.917,22.6
0,0,0
0,0,0
12:55:12,0.917,22.6
0,0,0
0,0,0
12:55:14,0.917,22.6
0,0,0
0,0,0
12:55:16,0.917,22.6
0,0,0
0,0,0
12:55:18,0.917,22.6
0,0,0
0,0,0
12:55:20,0.917,22.6
0,0,0
0,0,0
12:55:22,0.917,22.6
0,0,0
0,0,0
12:55:24,0.917,22.6
0,0,0
0,0,0
12:55:26,0.917,22.6
0,0,0
0,0,0
12:55:28,0.917,22.6
0,0,0
0,0,0
12:55:30,0.917,22.6
0,0,0
0,0,0
12:55:32,0.917,22.6
0,0,0
0,0,0
12:55:34,0.917,22.6
0,0,0
0,0,0
12:55:36,0.917,22.6
0,0,0
0,0,0
12:55:38,0.917,22.6
0,0,0
0,0,0
12:55:40,0.917,22.6
0,0,0
0,0,0
12:55:42,0.917,22.6
0,0,0
0,0,0
12:55:44,0.917,22.6
0,0,0
0,0,0
12:55:46,0.917,22.6
0,0,0
0,0,0
12:55:48,0.917,22.6
0,0,0
0,0,0
12:55:50,0.917,22.6
0,0,0
0,0,0
12:55:52,0.917,22.6
0,0,0
0,0,0
12:55:54,0.917,22.6
0,0,0
0,0,0
12:55:56,0.917,22.6
0,0,0
0,0,0
12:55:58,0.917,22.6
0,0,0
0,0,0
12:56:00,0.917,22.6
0,0,0
0,0,0
12:56:02,0.917,22.6
0,0,0
0,0,0
12:56:04,0.917,22.6
0,0,0
0,0,0
12:56:06,0.917,22.6
0,0,0
0,0,0
12:56:08,0.917,22.6
0,0,0
0,0,0
12:56:10,0.917,22.6
0,0,0
0,0,0
12:56:12,0.917,22.6
0,0,0
0,0,0
12:56:14,0.917,22.6
0,0,0
0,0,0
12:56:16,0.917,22.6
0,0,0
0,0,0
12:56:18,0.917,22.6
0,0,0
0,0,0
12:56:20,0.917,22.6
0,0,0
0,0,0
12:56:22,0.917,22.6
0,0,0
0,0,0
12:56:24,0.917,22.6
0,0,0
0,0,0
12:56:26,0.917,22.6
0,0,0
0,0,0
12:56:28,0.917,22.6
0,0,0
0,0,0
12:56:30,0.917,22.6
0,0,0
0,0,0
12:56:32,0.917,22.6
0,0,0
0,0,0
12:56:34,0.917,22.6
0,0,0
0,0,0
12:56:36,0.917,22.6
0,0,0
0,0,0
12:56:38,0.917,22.6
0,0,0
0,0,0
12:56:40,0.917,22.6
0,0,0
0,0,0
12:56:42,0.917,22.6
0,0,0
0,0,0
12:56:44,0.917,22.6
0,0,0
0,0,0
12:56:46,0.917,22.6
0,0,0
0,0,0
12:56:48,0.917,22.6
0,0,0
0,0,0
12:56:50,0.917,22.6
0,0,0
0,0,0
12:56:52,0.917,22.6
0,0,0
0,0,0
12:56:54,0.917,22.6
0,0,0
0,0,0
12:56:56,0.917,22.6
0,0,0
0,0,0
12:56:58,0.917,22.6
0,0,0
0,0,0
12:57:00,0.917,22.6
0,0,0
0,0,0
12:57:02,0.917,22.6
0,0,0
0,0,0
12:57:04,0.917,22.6
0,0,0
0,0,0
12:57:06,0.917,22.6
0,0,0
0,0,0
12:57:08,0.917,22.6
0,0,0
0,0,0
12:57:10,0.917,22.6
0,0,0
0,0,0
12:57:12,0.917,22.6
0,0,0
0,0,0
12:57:14,0.917,22.6
0,0,0
0,0,0
12:57:16,0.917,22.6
0,0,0
0,0,0
12:57:18,0.917,22.6
0,0,0
0,0,0
12:57:20,0.917,22.6
0,0,0
0,0,0
12:57:22,0.917,22.6
0,0,0
0,0,0
12:57:24,0.917,22.6
0,0,0
0,0,0
12:57:26,0.917,22.6
0,0,0
0,0,0
12:57:28,0.917,22.6
0,0,0
0,0,0
12:57:30,0.917,22.6
0,0,0
0,0,0
12:57:32,0.917,22.6
0,0,0
0,0,0
12:57:34,0.918,22.6
0,0,0
0,0,0
12:57:36,0.918,22.6
0,0,0
0,0,0
12:57:38,0.917,22.6
0,0,0
0,0,0
12:57:40,0.917,22.6
0,0,0
0,0,0
12:57:42,0.917,22.6
0,0,0
0,0,0
12:57:44,0.917,22.6
0,0,0
0,0,0
12:57:46,0.917,22.6
0,0,0
0,0,0
12:57:48,0.918,22.6
0,0,0
0,0,0
12:57:50,0.918,22.6
0,0,0
0,0,0
12:57:52,0.917,22.6
0,0,0
0,0,0
12:57:54,0.917,22.6
0,0,0
0,0,0
12:57:56,0.917,22.6
0,0,0
0,0,0
12:57:58,0.917,22.6
0,0,0
0,0,0
12:58:00,0.917,22.6
0,0,0
0,0,0
12:58:02,0.917,22.6
0,0,0
0,0,0
12:58:04,0.918,22.6
0,0,0
0,0,0
12:58:06,0.918,22.6
0,0,0
0,0,0
12:58:08,0.918,22.6
0,0,0
0,0,0
12:58:10,0.918,22.6
0,0,0
0,0,0
12:58:12,0.918,22.6
0,0,0
0,0,0
12:58:14,0.918,22.6
0,0,0
0,0,0
12:58:16,0.917,22.6
0,0,0
0,0,0
12:58:18,0.917,22.6
0,0,0
0,0,0
12:58:20,0.917,22.6
0,0,0
0,0,0
12:58:22,0.917,22.6
0,0,0
0,0,0
12:58:24,0.917,22.6
0,0,0
0,0,0
12:58:26,0.917,22.6
0,0,0
0,0,0
12:58:28,0.918,22.6
0,0,0
0,0,0
12:58:30,0.918,22.6
0,0,0
0,0,0
12:58:32,0.918,22.6
0,0,0
0,0,0
12:58:34,0.918,22.6
0,0,0
0,0,0
12:58:36,0.918,22.6
0,0,0
0,0,0
12:58:38,0.918,22.6
0,0,0
0,0,0
12:58:40,0.918,22.6
0,0,0
0,0,0
12:58:42,0.918,22.6
0,0,0
0,0,0
12:58:44,0.918,22.6
0,0,0
0,0,0
12:58:46,0.918,22.6
0,0,0
0,0,0
12:58:48,0.918,22.6
0,0,0
0,0,0
12:58:50,0.918,22.6
0,0,0
0,0,0
12:58:52,0.918,22.6
0,0,0
0,0,0
12:58:54,0.918,22.6
0,0,0
0,0,0
12:58:56,0.918,22.6
0,0,0
0,0,0
12:58:58,0.918,22.6
0,0,0
0,0,0
12:59:00,0.918,22.6
0,0,0
0,0,0
12:59:02,0.918,22.6
0,0,0
0,0,0
12:59:04,0.918,22.6
0,0,0
0,0,0
12:59:06,0.918,22.6
0,0,0
0,0,0
12:59:08,0.918,22.6
0,0,0
0,0,0
12:59:10,0.918,22.6
0,0,0
0,0,0
12:59:12,0.918,22.6
0,0,0
0,0,0
12:59:14,0.918,22.6
0,0,0
0,0,0
12:59:16,0.918,22.6
0,0,0
0,0,0
12:59:18,0.918,22.6
0,0,0
0,0,0
12:59:20,0.918,22.6
0,0,0
0,0,0
12:59:22,0.918,22.6
0,0,0
0,0,0
12:59:24,0.918,22.6
0,0,0
0,0,0
12:59:26,0.918,22.6
0,0,0
0,0,0
12:59:28,0.918,22.6
0,0,0
0,0,0
12:59:30,0.918,22.6
0,0,0
0,0,0
12:59:32,0.918,22.6
0,0,0
0,0,0
12:59:34,0.918,22.6
0,0,0
0,0,0
12:59:36,0.918,22.6
0,0,0
0,0,0
12:59:38,0.918,22.6
0,0,0
0,0,0
12:59:40,0.918,22.6
0,0,0
0,0,0
12:59:42,0.918,22.6
0,0,0
0,0,0
12:59:44,0.918,22.6
0,0,0
0,0,0
12:59:46,0.918,22.6
0,0,0
0,0,0
12:59:48,0.918,22.6
0,0,0
0,0,0
12:59:50,0.918,22.6
0,0,0
0,0,0
12:59:52,0.918,22.6
0,0,0
0,0,0
12:59:54,0.918,22.6
0,0,0
0,0,0
12:59:56,0.918,22.6
0,0,0
0,0,0
12:59:58,0.918,22.6
0,0,0
0,0,0
13:00:00,0.918,22.6
0,0,0
0,0,0
13:00:02,0.918,22.6
0,0,0
0,0,0
13:00:04,0.918,22.6
0,0,0
0,0,0
13:00:06,0.918,22.6
0,0,0
0,0,0
13:00:08,0.918,22.6
0,0,0
0,0,0
13:00:10,0.918,22.6
0,0,0
0,0,0
13:00:12,0.918,22.6
0,0,0
0,0,0
13:00:14,0.918,22.6
0,0,0
0,0,0
13:00:16,0.918,22.6
0,0,0
0,0,0
13:00:18,0.918,22.6
0,0,0
0,0,0
13:00:20,0.918,22.6
0,0,0
0,0,0
13:00:22,0.918,22.6
0,0,0
0,0,0
13:00:24,0.918,22.6
0,0,0
0,0,0
13:00:26,0.918,22.6
0,0,0
0,0,0
13:00:28,0.918,22.6
0,0,0
0,0,0
13:00:30,0.918,22.6
0,0,0
0,0,0
13:00:32,0.918,22.6
0,0,0
0,0,0
13:00:34,0.918,22.6
0,0,0
0,0,0
13:00:36,0.918,22.6
0,0,0
0,0,0
13:00:38,0.918,22.6
0,0,0
0,0,0
13:00:40,0.918,22.6
0,0,0
0,0,0
13:00:42,0.918,22.6
0,0,0
0,0,0
13:00:44,0.918,22.6
0,0,0
0,0,0
13:00:46,0.918,22.6
0,0,0
0,0,0
13:00:48,0.918,22.6
0,0,0
0,0,0
13:00:50,0.918,22.6
0,0,0
0,0,0
13:00:52,0.918,22.6
0,0,0
0,0,0
13:00:54,0.918,22.6
0,0,0
0,0,0
13:00:56,0.918,22.6
0,0,0
0,0,0
13:00:58,0.918,22.6
0,0,0
0,0,0
13:01:00,0.918,22.6
0,0,0
0,0,0
13:01:02,0.918,22.6
0,0,0
0,0,0
13:01:04,0.918,22.6
0,0,0
0,0,0
13:01:06,0.918,22.6
0,0,0
0,0,0
13:01:08,0.918,22.6
0,0,0
0,0,0
13:01:10,0.918,22.6
0,0,0
0,0,0
13:01:12,0.918,22.6
0,0,0
0,0,0
13:01:14,0.918,22.6
0,0,0
0,0,0
13:01:16,0.918,22.6
0,0,0
0,0,0
13:01:18,0.918,22.6
0,0,0
0,0,0
13:01:20,0.918,22.6
0,0,0
0,0,0
13:01:22,0.919,22.6
0,0,0
0,0,0
13:01:24,0.918,22.6
0,0,0
0,0,0
13:01:26,0.918,22.6
0,0,0
0,0,0
13:01:28,0.918,22.6
0,0,0
0,0,0
13:01:30,0.918,22.6
0,0,0
0,0,0
13:01:32,0.918,22.6
0,0,0
0,0,0
13:01:34,0.918,22.6
0,0,0
0,0,0
13:01:36,0.918,22.6
0,0,0
0,0,0
13:01:38,0.919,22.6
0,0,0
0,0,0
13:01:40,0.919,22.6
0,0,0
0,0,0
13:01:42,0.919,22.6
0,0,0
0,0,0
13:01:44,0.919,22.6
0,0,0
0,0,0
13:01:46,0.919,22.6
0,0,0
0,0,0
13:01:48,0.919,22.6
0,0,0
0,0,0
13:01:50,0.919,22.6
0,0,0
0,0,0
13:01:52,0.919,22.6
0,0,0
0,0,0
13:01:54,0.919,22.6
0,0,0
0,0,0
13:01:56,0.919,22.6
0,0,0
0,0,0
13:01:58,0.919,22.6
0,0,0
0,0,0
13:02:00,0.919,22.6
0,0,0
0,0,0
13:02:02,0.919,22.6
0,0,0
0,0,0
13:02:04,0.919,22.6
0,0,0
0,0,0
13:02:06,0.919,22.6
0,0,0
0,0,0
13:02:08,0.919,22.6
0,0,0
0,0,0
13:02:10,0.919,22.6
0,0,0
0,0,0
13:02:12,0.918,22.6
0,0,0
0,0,0
13:02:14,0.918,22.6
0,0,0
0,0,0
13:02:16,0.918,22.6
0,0,0
0,0,0
13:02:18,0.918,22.6
0,0,0
0,0,0
13:02:20,0.919,22.6
0,0,0
0,0,0
13:02:22,0.919,22.6
0,0,0
0,0,0
13:02:24,0.919,22.6
0,0,0
0,0,0
13:02:26,0.919,22.6
0,0,0
0,0,0
13:02:28,0.919,22.6
0,0,0
0,0,0
13:02:30,0.919,22.6
0,0,0
0,0,0
13:02:32,0.919,22.6
0,0,0
0,0,0
13:02:34,0,22.6
0,0,0
0,0,0
13:02:36,0,22.6
0,0,0
0,0,0
